{"stats":{"minecraft:dropped":{"securitycraft:reinforced_stone_button":5,"aquaculture:carp":1,"minecraft:lapis_lazuli":10,"minecraft:oak_log":13,"immersiveengineering:ore_lead":9,"appletreesrev:apple_leaves":3,"travelersbackpack:standard":2,"paraglider:spirit_orb":1,"minecraft:dirt":35,"aquaculture:gar":2,"appletreesrev:stripped_apple_log":2,"minecraft:iron_pickaxe":1,"minecraft:birch_log":15,"minecraft:bone":4,"minecraft:stone_axe":3,"appletreesrev:emerald_apple":2,"minecraft:birch_sapling":4,"minecraft:rotten_flesh":16,"minecraft:azure_bluet":1,"minecraft:gunpowder":28,"minecraft:charcoal":2,"minecraft:spruce_slab":4,"minecraft:glass":44,"immersiveengineering:seed":3,"minecraft:oak_leaves":9,"appletreesrev:apple_log":149,"minecraft:egg":3,"minecraft:iron_ingot":26,"immersiveengineering:ingot_copper":4,"minecraft:wheat_seeds":1,"minecraft:mossy_cobblestone":38,"minecraft:feather":10,"minecraft:cobblestone":509,"minecraft:apple":52,"minecraft:granite":306,"appletreesrev:apple_door":2,"minecraft:stick":155,"minecraft:oxeye_daisy":1,"aquaculture:muskellunge":1,"minecraft:diorite":59,"minecraft:iron_leggings":2,"minecraft:red_dye":13,"minecraft:string":2,"minecraft:redstone":173,"immersiveengineering:ore_copper":1,"minecraft:furnace":1,"supertools:hammerstone":3,"minecraft:iron_boots":2,"minecraft:glass_pane":12,"minecraft:potato":1,"minecraft:stone":44,"minecraft:iron_chestplate":2,"minecraft:andesite":103,"minecraft:oak_sapling":193,"minecraft:spider_eye":4,"appletreesrev:apple_planks":7,"minecraft:bow":1},"minecraft:crafted":{"minecraft:oak_planks":214,"minecraft:oak_sign":3,"minecraft:cooked_chicken":17,"minecraft:stone":24,"securitycraft:keypad_item":1,"immersiveengineering:ingot_copper":4,"minecraft:heavy_weighted_pressure_plate":1,"securitycraft:laser_block":1,"minecraft:glass":55,"minecraft:iron_boots":3,"minecraft:chest":8,"spartanshields:shield_basic_wood":1,"travelersbackpack:iron_tier_upgrade":1,"minecraft:emerald":83,"minecraft:cooked_porkchop":10,"minecraft:crafting_table":8,"minecraft:iron_helmet":1,"minecraft:wooden_pickaxe":1,"travelersbackpack:standard":3,"minecraft:smithing_table":1,"furnish:furniture_workbench":1,"minecraft:iron_chestplate":3,"minecraft:stick":64,"appletreesrev:apple_planks":72,"minecraft:iron_ingot":304,"minecraft:iron_pickaxe":3,"minecraft:stone_sword":1,"minecraft:gold_ingot":63,"minecraft:shears":2,"securitycraft:universal_block_reinforcer_lvl1":1,"minecraft:stone_shovel":1,"supertools:hammerstone":4,"minecraft:furnace":4,"minecraft:stone_button":13,"travelersbackpack:blank_upgrade":4,"minecraft:glass_pane":16,"travelersbackpack:white_sleeping_bag":2,"minecraft:iron_axe":1,"minecraft:stone_pickaxe":40,"minecraft:redstone_block":3,"spartanshields:shield_tower_wood":1,"minecraft:cooked_beef":24,"minecraft:red_dye":5,"travelersbackpack:backpack_tank":6,"minecraft:iron_sword":5,"appletreesrev:apple_door":3,"travelersbackpack:black_sleeping_bag":1,"minecraft:bucket":1,"minecraft:stone_axe":7,"minecraft:air":0,"minecraft:gunpowder":28,"minecraft:wooden_axe":1,"minecraft:iron_leggings":3,"minecraft:white_bed":1,"minecraft:torch":160},"minecraft:mined":{"minecraft:white_bed":2,"minecraft:granite":93,"minecraft:grass_block":27,"minecraft:oak_wall_sign":3,"minecraft:oxeye_daisy":1,"minecraft:tall_seagrass":1,"minecraft:iron_ore":395,"minecraft:pumpkin":1,"minecraft:azure_bluet":1,"minecraft:red_tulip":1,"minecraft:spruce_slab":2,"minecraft:tripwire":3,"appletreesrev:apple_log":610,"minecraft:smoker":2,"appletreesrev:eapple_plant":17,"minecraft:chiseled_quartz_block":1,"minecraft:torch":1,"minecraft:poppy":5,"minecraft:chest":6,"furnish:oak_wardrobe":3,"minecraft:cobblestone":93,"minecraft:sugar_cane":3,"minecraft:wall_torch":4,"furnish:oak_stool":1,"minecraft:birch_log":21,"minecraft:lilac":3,"minecraft:grass":41,"minecraft:oak_log":79,"minecraft:dirt":66,"minecraft:sand":85,"minecraft:smooth_quartz":4,"minecraft:sandstone_wall":1,"minecraft:oak_leaves":1062,"minecraft:diamond_ore":11,"immersiveengineering:ore_copper":11,"minecraft:mossy_cobblestone":38,"appletreesrev:gapple_plant":10,"travelersbackpack:white_sleeping_bag":1,"minecraft:large_fern":1,"minecraft:redstone_ore":14,"minecraft:furnace":3,"minecraft:andesite":226,"treechop:chopped_log":441,"minecraft:stone":2469,"appletreesrev:stripped_apple_log":1,"immersiveengineering:ore_aluminum":4,"minecraft:smithing_table":1,"minecraft:dandelion":2,"travelersbackpack:standard":7,"appletreesrev:apple_leaves":6422,"minecraft:crafting_table":3,"minecraft:rose_bush":1,"minecraft:campfire":1,"appletreesrev:apple_plant":59,"minecraft:tall_grass":5,"minecraft:lapis_ore":12,"minecraft:diorite":148,"minecraft:birch_planks":5,"furnish:oak_shelf":2,"minecraft:birch_leaves":249,"minecraft:coal_ore":204,"minecraft:gravel":16,"minecraft:gold_ore":40},"minecraft:broken":{"minecraft:stone_pickaxe":4,"minecraft:stone_axe":3,"minecraft:iron_sword":3,"minecraft:wooden_axe":1,"supertools:hammerstone":2,"minecraft:stone_sword":1,"minecraft:wooden_pickaxe":1},"minecraft:custom":{"minecraft:interact_with_crafting_table":68,"goblintraders:trade_with_goblin":213,"minecraft:leave_game":25,"minecraft:time_since_death":218857,"minecraft:sprint_one_cm":394100,"minecraft:damage_blocked_by_shield":780,"minecraft:drop":248,"minecraft:deaths":3,"minecraft:jump":4391,"minecraft:walk_on_water_one_cm":88150,"minecraft:interact_with_furnace":80,"minecraft:play_one_minute":710791,"minecraft:sleep_in_bed":3,"minecraft:damage_dealt":22166,"minecraft:crouch_one_cm":12349,"minecraft:interact_with_smoker":12,"minecraft:inspect_dispenser":1,"minecraft:interact_with_smithing_table":1,"minecraft:mob_kills":139,"minecraft:climb_one_cm":24976,"minecraft:walk_one_cm":1778831,"minecraft:sneak_time":5244,"minecraft:walk_under_water_one_cm":30079,"minecraft:tune_noteblock":2,"minecraft:interact_with_stonecutter":13,"minecraft:time_since_rest":218887,"minecraft:damage_taken":6540,"minecraft:damage_absorbed":306,"minecraft:swim_one_cm":6297,"minecraft:fly_one_cm":274767,"minecraft:open_chest":100,"minecraft:fall_one_cm":110665},"minecraft:picked_up":{"minecraft:iron_chestplate":2,"artifacts:bunny_hoppers":2,"minecraft:smithing_table":1,"appletreesrev:apple_sapling":25,"appletreesrev:apple_door":2,"minecraft:string":5,"aquaculture:muskellunge":1,"minecraft:iron_leggings":2,"minecraft:oak_sign":3,"minecraft:red_dye":8,"spartanshields:shield_basic_wood":1,"minecraft:smooth_quartz":2,"minecraft:iron_pickaxe":1,"furnish:oak_wardrobe":3,"minecraft:iron_boots":2,"minecraft:furnace":5,"minecraft:stick":357,"minecraft:torch":20,"appletreesrev:apple_planks":22,"minecraft:porkchop":24,"immersiveengineering:ore_aluminum":2,"minecraft:diorite":123,"appletreesrev:stripped_apple_log":3,"minecraft:rotten_flesh":23,"minecraft:red_tulip":2,"minecraft:cobblestone":1943,"minecraft:birch_log":19,"minecraft:feather":10,"minecraft:cooked_beef":22,"minecraft:andesite":288,"minecraft:smoker":2,"appletreesrev:apple_log":866,"minecraft:potato":1,"paraglider:spirit_orb":2,"minecraft:flint":1,"minecraft:lapis_lazuli":104,"minecraft:dirt":63,"securitycraft:reinforced_stone_button":23,"minecraft:glass":102,"minecraft:bone":9,"minecraft:bow":1,"minecraft:wheat_seeds":1,"minecraft:oak_planks":4,"aquaculture:gar":4,"minecraft:cooked_porkchop":1,"appletreesrev:emerald_apple":97,"minecraft:sand":85,"minecraft:ink_sac":3,"minecraft:mossy_cobblestone":38,"minecraft:diamond":11,"minecraft:granite":385,"minecraft:golden_apple":97,"minecraft:oak_sapling":461,"minecraft:oak_leaves":9,"minecraft:charcoal":2,"minecraft:crafting_table":3,"minecraft:azure_bluet":1,"supertools:hammerstone":2,"minecraft:chicken":18,"minecraft:gold_block":1,"immersiveengineering:ore_copper":5,"minecraft:glass_pane":24,"aquaculture:bluegill":3,"minecraft:beef":30,"minecraft:poppy":5,"minecraft:spruce_slab":6,"minecraft:chest":6,"minecraft:birch_sapling":9,"minecraft:egg":9,"minecraft:stone":45,"minecraft:carrot":1,"minecraft:redstone":173,"furnish:oak_stool":1,"minecraft:arrow":44,"minecraft:stone_shovel":1,"aquaculture:brown_trout":1,"aquaculture:carp":1,"furnish:oak_shelf":2,"minecraft:white_wool":14,"minecraft:oxeye_daisy":1,"minecraft:leather":18,"minecraft:birch_planks":5,"minecraft:oak_log":90,"artifacts:superstitious_hat":2,"minecraft:gunpowder":56,"minecraft:apple":355,"minecraft:iron_ingot":83,"minecraft:iron_ore":391,"minecraft:iron_sword":1,"appletreesrev:apple_leaves":3,"minecraft:pumpkin":1,"minecraft:sweet_berries":50,"minecraft:dandelion":1,"minecraft:white_bed":1,"minecraft:gold_ore":41,"minecraft:spider_eye":6,"travelersbackpack:standard":8,"immersiveengineering:seed":4,"minecraft:stone_axe":3,"minecraft:gray_wool":4,"immersiveengineering:ore_lead":12,"minecraft:black_wool":2,"minecraft:coal":198,"minecraft:ender_pearl":1},"minecraft:used":{"furnish:oak_chair":5,"minecraft:oak_sign":6,"aquaculture:brown_trout":1,"minecraft:chest":9,"minecraft:iron_sword":842,"furnish:furniture_workbench":1,"minecraft:rotten_flesh":2,"aquaculture:bluegill":3,"securitycraft:keypad_item":1,"appletreesrev:emerald_apple":9,"minecraft:furnace":6,"minecraft:egg":1,"minecraft:diorite":4,"minecraft:stone_pickaxe":583,"minecraft:oak_planks":27,"minecraft:wooden_pickaxe":60,"minecraft:golden_apple":16,"minecraft:sand":1,"minecraft:shears":82,"furnish:oak_wardrobe":6,"aquaculture:gar":2,"minecraft:smithing_table":1,"minecraft:andesite":40,"minecraft:stone_sword":139,"supertools:hammerstone":377,"minecraft:stone_shovel":86,"furnish:oak_table":4,"minecraft:cooked_chicken":15,"minecraft:torch":134,"minecraft:dirt":10,"furnish:oak_shelf":8,"spartanshields:shield_tower_wood":8,"minecraft:wooden_axe":62,"minecraft:red_tulip":1,"furnish:oak_potion_shelf":3,"minecraft:cooked_beef":11,"minecraft:water_bucket":3,"appletreesrev:apple_door":1,"minecraft:birch_planks":17,"minecraft:crafting_table":10,"minecraft:oak_log":6,"minecraft:apple":62,"minecraft:iron_pickaxe":245,"furnish:oak_stool":4,"minecraft:stone_axe":576,"spartanshields:shield_basic_wood":29,"minecraft:cobblestone":496,"travelersbackpack:standard":23,"minecraft:cooked_porkchop":9,"minecraft:bucket":4,"furnish:oak_kitchen_cabinet":1},"minecraft:killed":{"minecraft:spider":8,"aquaculture:gar":2,"minecraft:skeleton":42,"minecraft:chicken":20,"artifacts:mimic":2,"minecraft:magma_cube":2,"minecraft:pig":12,"minecraft:zombie_villager":2,"aquaculture:minnow":1,"minecraft:zombie":21,"minecraft:cow":18,"dungeonsmod:rogue":1,"aquaculture:bluegill":4,"aquaculture:brown_trout":1,"minecraft:enderman":1},"minecraft:killed_by":{"minecraft:skeleton":1}},"DataVersion":2586}