{"stats":{"minecraft:picked_up":{"minecraft:charcoal":2,"minecraft:iron_chestplate":2,"minecraft:crafting_table":3,"minecraft:azure_bluet":1,"minecraft:chicken":18,"artifacts:bunny_hoppers":2,"appletreesrev:apple_sapling":25,"minecraft:gold_block":1,"appletreesrev:apple_door":2,"minecraft:string":2,"aquaculture:muskellunge":1,"immersiveengineering:ore_copper":5,"minecraft:iron_leggings":2,"minecraft:glass_pane":24,"aquaculture:bluegill":3,"minecraft:beef":30,"minecraft:red_dye":8,"minecraft:iron_pickaxe":1,"spartanshields:shield_basic_wood":1,"minecraft:poppy":5,"minecraft:smooth_quartz":2,"minecraft:spruce_slab":6,"minecraft:birch_sapling":9,"minecraft:egg":9,"furnish:oak_wardrobe":3,"minecraft:iron_boots":2,"minecraft:furnace":5,"minecraft:stick":357,"minecraft:stone":12,"minecraft:torch":16,"appletreesrev:apple_planks":22,"minecraft:porkchop":24,"immersiveengineering:ore_aluminum":2,"minecraft:diorite":112,"minecraft:carrot":1,"minecraft:redstone":173,"furnish:oak_stool":1,"appletreesrev:stripped_apple_log":3,"minecraft:arrow":40,"minecraft:stone_shovel":1,"minecraft:rotten_flesh":22,"aquaculture:brown_trout":1,"minecraft:red_tulip":2,"aquaculture:carp":1,"minecraft:oxeye_daisy":1,"furnish:oak_shelf":2,"minecraft:white_wool":14,"minecraft:cobblestone":1576,"minecraft:birch_log":19,"minecraft:feather":10,"minecraft:cooked_beef":22,"minecraft:andesite":116,"minecraft:leather":18,"minecraft:potato":1,"minecraft:smoker":2,"appletreesrev:apple_log":802,"minecraft:birch_planks":5,"paraglider:spirit_orb":2,"minecraft:flint":1,"minecraft:oak_log":90,"artifacts:superstitious_hat":2,"minecraft:gunpowder":56,"minecraft:dirt":60,"minecraft:lapis_lazuli":104,"securitycraft:reinforced_stone_button":23,"minecraft:glass":78,"minecraft:bone":9,"minecraft:apple":355,"minecraft:bow":1,"minecraft:wheat_seeds":1,"minecraft:iron_ingot":83,"minecraft:iron_ore":322,"minecraft:oak_planks":4,"minecraft:iron_sword":1,"aquaculture:gar":4,"appletreesrev:apple_leaves":3,"minecraft:cooked_porkchop":1,"minecraft:pumpkin":1,"minecraft:sweet_berries":50,"minecraft:dandelion":1,"appletreesrev:emerald_apple":97,"minecraft:sand":85,"minecraft:ink_sac":3,"minecraft:white_bed":1,"minecraft:gold_ore":36,"minecraft:spider_eye":4,"travelersbackpack:standard":6,"minecraft:diamond":11,"immersiveengineering:seed":4,"minecraft:stone_axe":3,"minecraft:granite":384,"minecraft:golden_apple":97,"minecraft:gray_wool":4,"immersiveengineering:ore_lead":12,"minecraft:oak_sapling":461,"minecraft:black_wool":2,"minecraft:coal":188,"minecraft:oak_leaves":9},"minecraft:killed_by":{"minecraft:skeleton":1},"minecraft:dropped":{"securitycraft:reinforced_stone_button":5,"aquaculture:carp":1,"minecraft:iron_ingot":26,"immersiveengineering:ingot_copper":4,"minecraft:wheat_seeds":1,"minecraft:lapis_lazuli":10,"immersiveengineering:ore_lead":9,"minecraft:cobblestone":509,"minecraft:feather":10,"appletreesrev:apple_leaves":3,"minecraft:apple":52,"minecraft:granite":242,"travelersbackpack:standard":2,"appletreesrev:apple_door":2,"paraglider:spirit_orb":1,"minecraft:stick":155,"minecraft:oxeye_daisy":1,"minecraft:dirt":35,"aquaculture:muskellunge":1,"minecraft:diorite":48,"aquaculture:gar":2,"minecraft:iron_leggings":2,"appletreesrev:stripped_apple_log":2,"minecraft:red_dye":13,"minecraft:iron_pickaxe":1,"minecraft:string":2,"minecraft:birch_log":15,"minecraft:redstone":170,"minecraft:bone":4,"immersiveengineering:ore_copper":1,"minecraft:furnace":1,"minecraft:stone_axe":3,"supertools:hammerstone":1,"appletreesrev:emerald_apple":2,"minecraft:birch_sapling":4,"minecraft:rotten_flesh":15,"minecraft:iron_boots":2,"minecraft:azure_bluet":1,"minecraft:glass_pane":12,"minecraft:potato":1,"minecraft:gunpowder":28,"minecraft:iron_chestplate":2,"minecraft:charcoal":2,"minecraft:andesite":61,"minecraft:oak_sapling":193,"minecraft:spider_eye":4,"minecraft:spruce_slab":4,"appletreesrev:apple_planks":7,"minecraft:bow":1,"minecraft:glass":44,"immersiveengineering:seed":3,"minecraft:oak_leaves":9,"appletreesrev:apple_log":85,"minecraft:egg":3},"minecraft:killed":{"aquaculture:bluegill":4,"minecraft:spider":6,"aquaculture:gar":2,"minecraft:skeleton":39,"minecraft:chicken":20,"aquaculture:brown_trout":1,"artifacts:mimic":2,"minecraft:magma_cube":2,"minecraft:pig":12,"minecraft:zombie_villager":2,"aquaculture:minnow":1,"minecraft:zombie":16,"minecraft:cow":18},"minecraft:mined":{"minecraft:diamond_ore":11,"immersiveengineering:ore_copper":11,"minecraft:white_bed":2,"appletreesrev:gapple_plant":10,"minecraft:granite":82,"minecraft:grass_block":27,"travelersbackpack:white_sleeping_bag":1,"minecraft:oxeye_daisy":1,"minecraft:large_fern":1,"minecraft:tall_seagrass":1,"minecraft:redstone_ore":14,"minecraft:furnace":3,"minecraft:iron_ore":323,"minecraft:andesite":96,"treechop:chopped_log":441,"minecraft:pumpkin":1,"minecraft:azure_bluet":1,"minecraft:red_tulip":1,"minecraft:stone":1809,"appletreesrev:stripped_apple_log":1,"minecraft:spruce_slab":2,"immersiveengineering:ore_aluminum":3,"minecraft:tripwire":3,"appletreesrev:apple_log":610,"minecraft:smoker":2,"minecraft:dandelion":2,"appletreesrev:apple_leaves":6422,"appletreesrev:eapple_plant":17,"travelersbackpack:standard":5,"minecraft:chiseled_quartz_block":1,"minecraft:crafting_table":3,"minecraft:poppy":5,"minecraft:rose_bush":1,"minecraft:campfire":1,"minecraft:tall_grass":5,"furnish:oak_wardrobe":3,"appletreesrev:apple_plant":59,"minecraft:cobblestone":17,"minecraft:lapis_ore":12,"minecraft:sugar_cane":3,"minecraft:diorite":93,"minecraft:wall_torch":3,"minecraft:birch_planks":5,"furnish:oak_shelf":2,"furnish:oak_stool":1,"minecraft:birch_log":21,"minecraft:lilac":3,"minecraft:birch_leaves":249,"minecraft:grass":41,"minecraft:coal_ore":193,"minecraft:oak_log":79,"minecraft:smooth_quartz":4,"minecraft:gravel":16,"minecraft:sand":85,"minecraft:dirt":66,"minecraft:sandstone_wall":1,"minecraft:gold_ore":36,"minecraft:oak_leaves":1062},"minecraft:broken":{"minecraft:stone_sword":1,"minecraft:wooden_pickaxe":1,"minecraft:stone_pickaxe":3,"minecraft:stone_axe":3,"minecraft:iron_sword":3,"minecraft:wooden_axe":1,"supertools:hammerstone":2},"minecraft:used":{"furnish:oak_chair":5,"minecraft:stone_sword":139,"supertools:hammerstone":262,"minecraft:stone_shovel":86,"aquaculture:brown_trout":1,"minecraft:chest":2,"minecraft:iron_sword":788,"furnish:oak_table":4,"minecraft:cooked_chicken":15,"minecraft:rotten_flesh":2,"furnish:furniture_workbench":1,"aquaculture:bluegill":3,"minecraft:torch":90,"minecraft:dirt":7,"furnish:oak_shelf":8,"securitycraft:keypad_item":1,"spartanshields:shield_tower_wood":8,"minecraft:wooden_axe":62,"minecraft:red_tulip":1,"appletreesrev:emerald_apple":9,"furnish:oak_potion_shelf":3,"minecraft:furnace":6,"minecraft:egg":1,"minecraft:cooked_beef":7,"minecraft:diorite":4,"appletreesrev:apple_door":1,"minecraft:birch_planks":17,"minecraft:oak_planks":27,"minecraft:stone_pickaxe":535,"minecraft:wooden_pickaxe":60,"minecraft:golden_apple":14,"minecraft:sand":1,"minecraft:crafting_table":10,"minecraft:shears":82,"minecraft:oak_log":6,"minecraft:apple":62,"minecraft:iron_pickaxe":158,"furnish:oak_stool":4,"furnish:oak_wardrobe":6,"aquaculture:gar":2,"minecraft:stone_axe":574,"spartanshields:shield_basic_wood":15,"travelersbackpack:standard":16,"minecraft:cobblestone":371,"minecraft:cooked_porkchop":9,"minecraft:andesite":13,"furnish:oak_kitchen_cabinet":1},"minecraft:custom":{"minecraft:mob_kills":127,"minecraft:interact_with_crafting_table":58,"goblintraders:trade_with_goblin":179,"minecraft:leave_game":24,"minecraft:time_since_death":129357,"minecraft:climb_one_cm":24976,"minecraft:damage_blocked_by_shield":355,"minecraft:sprint_one_cm":361272,"minecraft:walk_one_cm":1587494,"minecraft:drop":233,"minecraft:deaths":3,"minecraft:sneak_time":4699,"minecraft:walk_under_water_one_cm":30034,"minecraft:jump":4080,"minecraft:walk_on_water_one_cm":83104,"minecraft:interact_with_furnace":77,"minecraft:tune_noteblock":2,"minecraft:play_one_minute":621291,"minecraft:interact_with_stonecutter":13,"minecraft:sleep_in_bed":3,"minecraft:time_since_rest":129387,"minecraft:damage_absorbed":266,"minecraft:damage_taken":6105,"minecraft:damage_dealt":19689,"minecraft:swim_one_cm":6297,"minecraft:fly_one_cm":258537,"minecraft:open_chest":78,"minecraft:crouch_one_cm":11191,"minecraft:interact_with_smoker":12,"minecraft:fall_one_cm":97941,"minecraft:inspect_dispenser":1},"minecraft:crafted":{"minecraft:oak_planks":214,"minecraft:stone_shovel":1,"minecraft:cooked_chicken":17,"supertools:hammerstone":4,"minecraft:furnace":4,"minecraft:stone_button":13,"minecraft:stone":24,"securitycraft:keypad_item":1,"immersiveengineering:ingot_copper":4,"minecraft:heavy_weighted_pressure_plate":1,"minecraft:glass_pane":16,"securitycraft:laser_block":1,"minecraft:glass":55,"travelersbackpack:white_sleeping_bag":2,"minecraft:iron_boots":3,"minecraft:iron_axe":1,"minecraft:stone_pickaxe":40,"minecraft:chest":5,"minecraft:redstone_block":3,"spartanshields:shield_tower_wood":1,"spartanshields:shield_basic_wood":1,"minecraft:cooked_beef":24,"minecraft:red_dye":5,"minecraft:emerald":81,"minecraft:cooked_porkchop":10,"minecraft:crafting_table":8,"travelersbackpack:backpack_tank":4,"minecraft:wooden_pickaxe":1,"travelersbackpack:standard":2,"minecraft:iron_helmet":1,"minecraft:iron_sword":5,"appletreesrev:apple_door":3,"travelersbackpack:black_sleeping_bag":1,"minecraft:stone_axe":6,"minecraft:air":0,"furnish:furniture_workbench":1,"minecraft:iron_chestplate":3,"minecraft:stick":60,"appletreesrev:apple_planks":72,"minecraft:gunpowder":28,"minecraft:iron_ingot":244,"minecraft:iron_pickaxe":3,"minecraft:wooden_axe":1,"minecraft:stone_sword":1,"minecraft:gold_ingot":57,"minecraft:iron_leggings":3,"minecraft:white_bed":1,"minecraft:torch":140,"minecraft:shears":2,"securitycraft:universal_block_reinforcer_lvl1":1}},"DataVersion":2586}