{"stats":{"minecraft:mined":{"minecraft:spruce_planks":2,"minecraft:white_bed":2,"minecraft:cobblestone_stairs":2,"minecraft:granite":115,"minecraft:grass_block":36,"minecraft:coal_block":2,"minecraft:oak_wall_sign":3,"minecraft:oxeye_daisy":1,"minecraft:red_stained_glass_pane":1,"minecraft:tall_seagrass":1,"minecraft:iron_ore":498,"minecraft:pumpkin":1,"minecraft:azure_bluet":1,"minecraft:red_tulip":1,"minecraft:light_gray_concrete":2,"minecraft:spruce_slab":4,"minecraft:tripwire":3,"appletreesrev:apple_log":610,"minecraft:smoker":2,"appletreesrev:eapple_plant":17,"minecraft:chiseled_quartz_block":3,"minecraft:torch":4,"minecraft:note_block":2,"minecraft:poppy":5,"minecraft:chest":6,"furnish:oak_wardrobe":3,"minecraft:cobblestone":116,"minecraft:sugar_cane":3,"minecraft:wall_torch":18,"furnish:oak_stool":1,"minecraft:light_gray_stained_glass":2,"minecraft:birch_log":32,"minecraft:lilac":3,"minecraft:grass":41,"minecraft:oak_log":79,"minecraft:diorite_wall":1,"minecraft:dirt":85,"minecraft:sand":86,"minecraft:smooth_quartz":11,"minecraft:sandstone_wall":1,"minecraft:dispenser":2,"minecraft:stonecutter":1,"minecraft:oak_leaves":1063,"travelersbackpack:creeper":1,"minecraft:diamond_ore":34,"immersiveengineering:ore_copper":11,"minecraft:mossy_cobblestone":38,"appletreesrev:gapple_plant":17,"travelersbackpack:white_sleeping_bag":1,"immersiveengineering:ore_silver":4,"minecraft:large_fern":1,"minecraft:black_stained_glass_pane":1,"minecraft:redstone_ore":18,"minecraft:furnace":4,"immersiveengineering:hemp":3,"minecraft:andesite":367,"treechop:chopped_log":448,"minecraft:rail":30,"minecraft:stone":4603,"appletreesrev:stripped_apple_log":1,"immersiveengineering:ore_aluminum":4,"minecraft:smithing_table":1,"minecraft:oak_slab":1,"minecraft:redstone_block":1,"minecraft:gray_concrete":11,"minecraft:dandelion":2,"travelersbackpack:standard":7,"appletreesrev:apple_leaves":6422,"minecraft:crafting_table":3,"minecraft:rose_bush":1,"minecraft:campfire":1,"appletreesrev:apple_plant":59,"minecraft:tall_grass":5,"minecraft:lapis_ore":12,"minecraft:diorite":281,"minecraft:birch_planks":5,"furnish:oak_shelf":2,"minecraft:birch_leaves":334,"minecraft:coal_ore":278,"minecraft:gravel":23,"minecraft:cobweb":3,"minecraft:gold_ore":68},"minecraft:picked_up":{"minecraft:iron_chestplate":2,"artifacts:bunny_hoppers":2,"minecraft:smithing_table":1,"appletreesrev:apple_sapling":25,"appletreesrev:apple_door":2,"minecraft:string":21,"aquaculture:muskellunge":1,"travelersbackpack:creeper":2,"minecraft:iron_leggings":2,"minecraft:oak_sign":3,"minecraft:red_dye":8,"spartanshields:shield_basic_wood":1,"minecraft:smooth_quartz":14,"minecraft:iron_pickaxe":1,"minecraft:coal_block":2,"minecraft:furnace":5,"furnish:oak_wardrobe":3,"minecraft:iron_boots":2,"minecraft:stick":365,"minecraft:torch":37,"appletreesrev:apple_planks":26,"minecraft:porkchop":24,"immersiveengineering:ore_aluminum":2,"minecraft:diorite":281,"appletreesrev:stripped_apple_log":3,"minecraft:rotten_flesh":28,"minecraft:red_tulip":2,"minecraft:cobblestone":3134,"minecraft:birch_log":30,"minecraft:feather":10,"minecraft:cooked_beef":22,"minecraft:andesite":611,"minecraft:chiseled_quartz_block":4,"minecraft:smoker":2,"appletreesrev:apple_log":929,"minecraft:potato":1,"paraglider:spirit_orb":2,"minecraft:flint":1,"minecraft:gray_concrete":22,"minecraft:lapis_lazuli":114,"minecraft:dirt":99,"immersiveengineering:hemp_fiber":18,"securitycraft:reinforced_stone_button":23,"minecraft:glass":102,"minecraft:bone":23,"minecraft:stonecutter":1,"minecraft:bow":1,"minecraft:wheat_seeds":1,"minecraft:oak_planks":5,"aquaculture:gar":4,"minecraft:diorite_wall":1,"minecraft:cooked_porkchop":2,"appletreesrev:emerald_apple":97,"minecraft:sand":85,"minecraft:ink_sac":3,"minecraft:mossy_cobblestone":38,"immersiveengineering:ore_silver":2,"minecraft:light_gray_concrete":1,"minecraft:dispenser":1,"minecraft:diamond":34,"minecraft:crossbow":1,"minecraft:granite":385,"minecraft:golden_apple":102,"minecraft:oak_sapling":461,"minecraft:oak_leaves":9,"minecraft:charcoal":2,"minecraft:crafting_table":3,"minecraft:azure_bluet":1,"supertools:hammerstone":2,"minecraft:chicken":18,"minecraft:gold_block":1,"immersiveengineering:ore_copper":5,"minecraft:glass_pane":24,"aquaculture:bluegill":3,"minecraft:andesite_stairs":40,"minecraft:beef":30,"minecraft:poppy":5,"minecraft:spruce_slab":6,"minecraft:chest":6,"minecraft:birch_sapling":14,"minecraft:egg":9,"minecraft:stone":45,"minecraft:note_block":4,"minecraft:carrot":1,"minecraft:redstone":173,"furnish:oak_stool":1,"minecraft:arrow":55,"minecraft:stone_shovel":1,"aquaculture:brown_trout":1,"aquaculture:carp":1,"furnish:oak_shelf":2,"minecraft:rail":30,"minecraft:white_wool":14,"minecraft:oxeye_daisy":1,"minecraft:leather":18,"minecraft:birch_planks":5,"minecraft:oak_log":90,"artifacts:superstitious_hat":2,"minecraft:gunpowder":56,"minecraft:cobblestone_stairs":32,"minecraft:apple":362,"minecraft:stone_pickaxe":31,"minecraft:iron_ingot":83,"minecraft:iron_ore":489,"minecraft:iron_sword":1,"minecraft:oak_slab":1,"appletreesrev:apple_leaves":3,"minecraft:pumpkin":1,"minecraft:sweet_berries":50,"minecraft:dandelion":1,"minecraft:white_bed":1,"minecraft:gold_ore":69,"minecraft:spider_eye":14,"travelersbackpack:standard":8,"immersiveengineering:seed":16,"minecraft:stone_axe":3,"minecraft:gray_wool":4,"immersiveengineering:ore_lead":12,"minecraft:black_wool":2,"minecraft:coal":267,"minecraft:ender_pearl":1},"minecraft:crafted":{"minecraft:oak_planks":214,"minecraft:oak_sign":3,"minecraft:cooked_chicken":17,"minecraft:stone":88,"minecraft:cobblestone_stairs":40,"securitycraft:keypad_item":1,"immersiveengineering:ingot_copper":4,"minecraft:heavy_weighted_pressure_plate":1,"securitycraft:laser_block":1,"minecraft:glass":55,"minecraft:hopper":3,"minecraft:iron_boots":3,"minecraft:chest":12,"spartanshields:shield_basic_wood":2,"minecraft:oak_slab":48,"minecraft:emerald":83,"travelersbackpack:iron_tier_upgrade":1,"minecraft:cooked_porkchop":10,"minecraft:crafting_table":8,"travelersbackpack:standard":3,"minecraft:wooden_pickaxe":1,"minecraft:iron_helmet":1,"minecraft:smithing_table":1,"furnish:furniture_workbench":1,"minecraft:iron_chestplate":4,"minecraft:stick":172,"appletreesrev:apple_planks":76,"minecraft:iron_ingot":304,"minecraft:iron_pickaxe":4,"minecraft:andesite_stairs":40,"minecraft:stone_sword":1,"minecraft:gold_ingot":63,"minecraft:shears":2,"securitycraft:universal_block_reinforcer_lvl1":1,"minecraft:stone_shovel":1,"supertools:hammerstone":7,"minecraft:furnace":4,"minecraft:stone_button":13,"travelersbackpack:blank_upgrade":4,"minecraft:glass_pane":16,"travelersbackpack:white_sleeping_bag":2,"minecraft:iron_axe":1,"minecraft:stone_pickaxe":73,"minecraft:redstone_block":3,"spartanshields:shield_tower_wood":1,"minecraft:cooked_beef":24,"minecraft:red_dye":5,"minecraft:iron_trapdoor":3,"travelersbackpack:backpack_tank":6,"minecraft:diorite_wall":36,"minecraft:iron_sword":5,"appletreesrev:apple_door":3,"travelersbackpack:black_sleeping_bag":1,"minecraft:bucket":1,"minecraft:stone_axe":7,"minecraft:air":0,"minecraft:gunpowder":28,"minecraft:wooden_axe":1,"minecraft:iron_leggings":4,"minecraft:white_bed":1,"minecraft:torch":244},"minecraft:dropped":{"securitycraft:reinforced_stone_button":5,"aquaculture:carp":1,"minecraft:lapis_lazuli":20,"minecraft:oak_log":13,"immersiveengineering:ore_lead":9,"minecraft:cooked_porkchop":1,"appletreesrev:apple_leaves":3,"travelersbackpack:standard":2,"paraglider:spirit_orb":1,"minecraft:cobblestone_stairs":30,"minecraft:dirt":42,"minecraft:gray_concrete":11,"minecraft:dispenser":1,"aquaculture:gar":2,"appletreesrev:stripped_apple_log":2,"minecraft:iron_pickaxe":1,"minecraft:birch_log":15,"minecraft:white_wool":4,"minecraft:bone":8,"minecraft:note_block":2,"minecraft:stone_axe":3,"appletreesrev:emerald_apple":2,"minecraft:birch_sapling":4,"minecraft:rotten_flesh":16,"minecraft:azure_bluet":1,"minecraft:gunpowder":28,"minecraft:charcoal":2,"minecraft:spruce_slab":4,"minecraft:glass":44,"immersiveengineering:seed":9,"minecraft:oak_leaves":9,"appletreesrev:apple_log":213,"minecraft:egg":3,"minecraft:iron_ingot":26,"immersiveengineering:ingot_copper":4,"minecraft:wheat_seeds":1,"minecraft:mossy_cobblestone":38,"minecraft:cobblestone":1428,"minecraft:feather":10,"minecraft:apple":52,"minecraft:granite":306,"minecraft:coal":40,"minecraft:coal_block":1,"appletreesrev:apple_door":2,"minecraft:stick":162,"minecraft:oxeye_daisy":1,"aquaculture:muskellunge":1,"minecraft:diorite":119,"minecraft:smooth_quartz":6,"minecraft:iron_leggings":2,"minecraft:red_dye":13,"minecraft:string":18,"minecraft:redstone":173,"immersiveengineering:ore_copper":1,"minecraft:furnace":1,"supertools:hammerstone":3,"minecraft:chiseled_quartz_block":2,"minecraft:iron_boots":2,"minecraft:glass_pane":12,"minecraft:potato":1,"minecraft:stone":44,"minecraft:iron_chestplate":2,"minecraft:andesite":425,"minecraft:andesite_stairs":80,"minecraft:oak_sapling":193,"minecraft:spider_eye":6,"appletreesrev:apple_planks":7,"minecraft:bow":1,"minecraft:stone_pickaxe":31},"minecraft:broken":{"minecraft:iron_boots":1,"minecraft:iron_chestplate":1,"minecraft:iron_leggings":1,"minecraft:stone_pickaxe":5,"minecraft:stone_axe":3,"minecraft:iron_sword":3,"minecraft:wooden_axe":1,"supertools:hammerstone":5,"spartanshields:shield_basic_wood":1,"minecraft:stone_sword":1,"minecraft:wooden_pickaxe":1,"minecraft:iron_pickaxe":1,"minecraft:iron_helmet":1},"minecraft:custom":{"minecraft:interact_with_crafting_table":75,"goblintraders:trade_with_goblin":213,"minecraft:leave_game":35,"minecraft:time_since_death":466754,"minecraft:sprint_one_cm":494088,"minecraft:damage_blocked_by_shield":1315,"minecraft:drop":326,"minecraft:play_noteblock":2,"minecraft:talked_to_villager":2,"minecraft:deaths":3,"minecraft:jump":5244,"minecraft:walk_on_water_one_cm":144883,"minecraft:interact_with_furnace":86,"minecraft:play_one_minute":958688,"minecraft:sleep_in_bed":3,"minecraft:damage_dealt":27178,"minecraft:crouch_one_cm":21949,"minecraft:interact_with_smoker":12,"minecraft:inspect_dispenser":2,"minecraft:interact_with_smithing_table":1,"minecraft:mob_kills":165,"minecraft:climb_one_cm":32670,"minecraft:walk_one_cm":2265760,"minecraft:sneak_time":8163,"minecraft:walk_under_water_one_cm":44111,"minecraft:interact_with_blast_furnace":2,"minecraft:tune_noteblock":2,"minecraft:interact_with_stonecutter":19,"minecraft:time_since_rest":466784,"minecraft:damage_absorbed":490,"minecraft:damage_taken":8828,"minecraft:swim_one_cm":8781,"minecraft:fly_one_cm":369042,"minecraft:open_chest":127,"minecraft:fall_one_cm":136633},"minecraft:killed_by":{"minecraft:skeleton":1},"minecraft:used":{"furnish:oak_chair":5,"minecraft:oak_sign":6,"aquaculture:brown_trout":1,"minecraft:chest":11,"minecraft:iron_sword":975,"furnish:furniture_workbench":1,"minecraft:rotten_flesh":2,"aquaculture:bluegill":3,"securitycraft:keypad_item":1,"appletreesrev:emerald_apple":9,"minecraft:diorite_wall":30,"minecraft:furnace":6,"minecraft:egg":1,"minecraft:diorite":4,"minecraft:oak_planks":27,"minecraft:stone_pickaxe":731,"minecraft:wooden_pickaxe":60,"minecraft:golden_apple":21,"minecraft:sand":1,"minecraft:shears":82,"furnish:oak_wardrobe":6,"aquaculture:gar":2,"minecraft:smithing_table":2,"minecraft:andesite":40,"minecraft:stone_sword":139,"supertools:hammerstone":699,"minecraft:stone_shovel":86,"furnish:oak_table":4,"minecraft:cooked_chicken":15,"minecraft:torch":187,"minecraft:dirt":10,"furnish:oak_shelf":8,"minecraft:hopper":3,"spartanshields:shield_tower_wood":8,"minecraft:wooden_axe":62,"minecraft:red_tulip":1,"furnish:oak_potion_shelf":3,"minecraft:iron_trapdoor":3,"minecraft:cooked_beef":24,"minecraft:water_bucket":6,"appletreesrev:apple_door":1,"minecraft:cobblestone_stairs":27,"minecraft:birch_planks":17,"minecraft:stonecutter":1,"minecraft:oak_slab":34,"minecraft:crafting_table":10,"minecraft:oak_log":6,"minecraft:apple":88,"travelersbackpack:creeper":2,"minecraft:iron_pickaxe":451,"furnish:oak_stool":4,"minecraft:stone_axe":590,"spartanshields:shield_basic_wood":44,"minecraft:cobblestone":843,"travelersbackpack:standard":25,"minecraft:cooked_porkchop":10,"minecraft:bucket":6,"furnish:oak_kitchen_cabinet":1},"minecraft:killed":{"minecraft:cave_spider":4,"minecraft:spider":11,"aquaculture:gar":2,"minecraft:skeleton":48,"minecraft:chicken":20,"artifacts:mimic":2,"minecraft:magma_cube":2,"minecraft:pig":12,"minecraft:zombie_villager":2,"minecraft:pillager":2,"aquaculture:minnow":1,"minecraft:zombie":30,"minecraft:cow":18,"dungeonsmod:rogue":1,"aquaculture:bluegill":4,"aquaculture:brown_trout":1,"minecraft:drowned":1,"minecraft:enderman":1}},"DataVersion":2586}