{"stats":{"minecraft:killed":{"minecraft:sheep":3,"minecraft:zombie":1,"minecraft:chicken":4,"aquaculture:perch":1,"dungeonsmod:crow":1},"minecraft:used":{"minecraft:wheat_seeds":237,"minecraft:cooked_mutton":2,"minecraft:birch_planks":3,"minecraft:stone_pickaxe":166,"immersiveengineering:seed":1,"minecraft:wooden_pickaxe":14,"minecraft:stone_hoe":41,"minecraft:cooked_chicken":5,"minecraft:torch":42,"minecraft:crafting_table":4,"minecraft:apple":3,"minecraft:bread":1,"minecraft:iron_pickaxe":152,"minecraft:stone_axe":57,"minecraft:cobblestone":74,"minecraft:furnace":2},"minecraft:crafted":{"minecraft:oak_planks":76,"minecraft:crafting_table":3,"minecraft:iron_helmet":1,"minecraft:wooden_pickaxe":2,"minecraft:cooked_chicken":5,"minecraft:iron_sword":1,"minecraft:furnace":1,"minecraft:birch_planks":52,"minecraft:stone_axe":2,"minecraft:bread":28,"minecraft:cooked_mutton":2,"minecraft:air":0,"minecraft:iron_boots":1,"minecraft:iron_chestplate":1,"minecraft:iron_axe":1,"minecraft:stick":28,"minecraft:iron_ingot":50,"minecraft:compass":1,"minecraft:iron_pickaxe":2,"minecraft:stone_pickaxe":2,"minecraft:iron_leggings":1,"minecraft:torch":68,"minecraft:stone_hoe":1},"minecraft:picked_up":{"minecraft:birch_log":13,"minecraft:crafting_table":2,"minecraft:wheat":86,"minecraft:feather":7,"minecraft:chicken":4,"minecraft:andesite":1,"minecraft:birch_planks":9,"minecraft:oak_log":35,"minecraft:dirt":14,"immersiveengineering:ore_copper":3,"minecraft:bone":2,"minecraft:apple":3,"minecraft:wheat_seeds":248,"minecraft:iron_ore":53,"minecraft:birch_sapling":4,"minecraft:oak_planks":13,"minecraft:egg":1,"minecraft:furnace":2,"minecraft:stick":19,"minecraft:gravel":1,"aquaculture:perch":1,"minecraft:redstone":4,"minecraft:arrow":1,"minecraft:rotten_flesh":1,"immersiveengineering:seed":5,"minecraft:oak_sapling":13,"minecraft:black_wool":1,"minecraft:mutton":4,"minecraft:coal":79,"minecraft:white_wool":2,"minecraft:cobblestone":156},"minecraft:dropped":{"minecraft:birch_sapling":4,"minecraft:oak_sapling":7,"immersiveengineering:seed":4},"minecraft:mined":{"immersiveengineering:ore_copper":3,"minecraft:dark_oak_leaves":6,"minecraft:crafting_table":2,"minecraft:grass_block":1,"minecraft:redstone_wire":4,"appletreesrev:apple_plant":6,"minecraft:furnace":2,"minecraft:birch_log":13,"immersiveengineering:hemp":1,"minecraft:iron_ore":56,"minecraft:wheat":91,"minecraft:birch_leaves":98,"minecraft:andesite":1,"treechop:chopped_log":41,"minecraft:grass":33,"minecraft:oak_log":54,"minecraft:coal_ore":79,"minecraft:gravel":1,"minecraft:sand":1,"minecraft:stone":173,"minecraft:oak_leaves":729},"minecraft:broken":{"minecraft:stone_pickaxe":1},"minecraft:custom":{"minecraft:interact_with_furnace":23,"minecraft:mob_kills":11,"minecraft:interact_with_crafting_table":22,"minecraft:play_one_minute":72540,"minecraft:interact_with_stonecutter":3,"minecraft:leave_game":3,"minecraft:time_since_death":50590,"minecraft:climb_one_cm":568,"minecraft:time_since_rest":55446,"minecraft:sprint_one_cm":106400,"minecraft:damage_taken":770,"minecraft:walk_one_cm":203701,"minecraft:drop":5,"minecraft:damage_dealt":918,"minecraft:fly_one_cm":103270,"minecraft:open_chest":2,"minecraft:crouch_one_cm":2900,"minecraft:deaths":1,"minecraft:sneak_time":961,"minecraft:walk_under_water_one_cm":5618,"minecraft:jump":887,"minecraft:walk_on_water_one_cm":5484,"minecraft:fall_one_cm":26879,"minecraft:inspect_dispenser":2}},"DataVersion":2586}