{"stats":{"minecraft:used":{"minecraft:apple":3,"minecraft:birch_planks":3,"minecraft:stone_pickaxe":34,"minecraft:wooden_pickaxe":6,"minecraft:stone_axe":10,"minecraft:crafting_table":1},"minecraft:crafted":{"minecraft:crafting_table":1,"minecraft:wooden_pickaxe":1,"minecraft:stone_pickaxe":1,"minecraft:birch_planks":28,"minecraft:stone_axe":1},"minecraft:picked_up":{"minecraft:birch_log":7,"minecraft:stick":11,"aquaculture:perch":1,"minecraft:oak_log":11,"minecraft:dirt":13,"minecraft:rotten_flesh":1,"minecraft:apple":3,"minecraft:oak_sapling":7,"minecraft:birch_sapling":1,"minecraft:oak_planks":13,"minecraft:cobblestone":24},"minecraft:mined":{"minecraft:birch_log":7,"minecraft:birch_leaves":58,"treechop:chopped_log":17,"minecraft:oak_log":19,"appletreesrev:apple_plant":6,"minecraft:stone":24,"minecraft:oak_leaves":226},"minecraft:killed":{"minecraft:zombie":1,"aquaculture:perch":1},"minecraft:dropped":{"minecraft:birch_sapling":1,"minecraft:oak_sapling":1},"minecraft:custom":{"minecraft:time_since_rest":5200,"minecraft:sprint_one_cm":17466,"minecraft:damage_taken":390,"minecraft:walk_one_cm":40604,"minecraft:mob_kills":2,"minecraft:drop":2,"minecraft:damage_dealt":327,"minecraft:interact_with_crafting_table":3,"minecraft:fly_one_cm":21310,"minecraft:crouch_one_cm":39,"minecraft:play_one_minute":22294,"minecraft:deaths":1,"minecraft:sneak_time":64,"minecraft:walk_under_water_one_cm":4343,"minecraft:jump":193,"minecraft:leave_game":2,"minecraft:time_since_death":344,"minecraft:walk_on_water_one_cm":454,"minecraft:fall_one_cm":6918}},"DataVersion":2586}