{"stats":{"minecraft:used":{"minecraft:wheat_seeds":2,"supertools:hammerstone":8,"minecraft:bread":6,"minecraft:stone_pickaxe":15,"spartanweaponry:battleaxe_iron":35,"minecraft:torch":23,"minecraft:crafting_table":1,"minecraft:furnace":1,"minecraft:smoker":1},"minecraft:custom":{"minecraft:time_since_rest":22362,"minecraft:interact_with_smithing_table":1,"minecraft:sprint_one_cm":18924,"minecraft:interact_with_furnace":3,"minecraft:damage_taken":555,"minecraft:walk_one_cm":107901,"minecraft:mob_kills":2,"minecraft:damage_dealt":893,"minecraft:interact_with_crafting_table":3,"minecraft:fly_one_cm":9627,"minecraft:play_one_minute":22362,"minecraft:sneak_time":17,"minecraft:jump":239,"minecraft:interact_with_stonecutter":1,"minecraft:leave_game":7,"minecraft:walk_on_water_one_cm":1887,"minecraft:time_since_death":22362,"minecraft:interact_with_smoker":3,"minecraft:fall_one_cm":3555},"minecraft:picked_up":{"minecraft:stick":28,"minecraft:crafting_table":1,"supertools:hammerstone":1,"minecraft:torch":35,"minecraft:smoker":1,"spartanweaponry:battleaxe_iron":1,"artifacts:lucky_scarf":1,"minecraft:rotten_flesh":4,"minecraft:wheat_seeds":2,"minecraft:iron_ore":12,"minecraft:bread":28,"minecraft:coal":16,"minecraft:cobblestone":50},"minecraft:mined":{"minecraft:iron_ore":12,"minecraft:torch":3,"minecraft:coal_ore":16,"minecraft:stone":49,"minecraft:wall_torch":2},"minecraft:crafted":{"minecraft:iron_chestplate":1,"minecraft:iron_ingot":8,"minecraft:stone_pickaxe":1,"minecraft:furnace":1},"minecraft:killed":{"minecraft:zombie":2}},"DataVersion":2586}