{"stats":{"minecraft:crafted":{"minecraft:diamond_axe":1,"minecraft:iron_helmet":1,"minecraft:furnace":7,"spartanweaponry:handle":4,"spartanweaponry:battleaxe_iron":1,"minecraft:birch_planks":92,"minecraft:diamond_shovel":1,"minecraft:bread":21,"immersiveengineering:ingot_silver":10,"supertools:shoveliron":1,"minecraft:iron_boots":1,"minecraft:iron_chestplate":1,"minecraft:diamond_pickaxe":1,"minecraft:stick":28,"minecraft:iron_ingot":133,"minecraft:iron_pickaxe":2,"minecraft:stone_pickaxe":1,"minecraft:iron_leggings":1,"minecraft:chest":2,"minecraft:iron_shovel":9,"minecraft:gold_ingot":20,"minecraft:torch":16,"minecraft:dark_oak_planks":64},"minecraft:broken":{"minecraft:stone_pickaxe":2,"spartanweaponry:battleaxe_iron":1,"minecraft:iron_pickaxe":1,"supertools:hammerstone":1},"minecraft:custom":{"minecraft:interact_with_smithing_table":2,"minecraft:interact_with_furnace":48,"minecraft:mob_kills":29,"minecraft:interact_with_crafting_table":25,"minecraft:play_one_minute":220133,"minecraft:interact_with_stonecutter":1,"minecraft:leave_game":13,"minecraft:time_since_death":220133,"minecraft:climb_one_cm":2687,"minecraft:time_since_rest":220133,"minecraft:sprint_one_cm":129227,"minecraft:damage_taken":2410,"minecraft:walk_one_cm":843142,"minecraft:drop":26,"minecraft:damage_dealt":6309,"minecraft:crouch_one_cm":3291,"minecraft:swim_one_cm":9143,"minecraft:talked_to_villager":2,"minecraft:fly_one_cm":50032,"minecraft:open_chest":22,"minecraft:sneak_time":2287,"minecraft:walk_under_water_one_cm":24610,"minecraft:jump":1974,"minecraft:interact_with_blast_furnace":1,"minecraft:walk_on_water_one_cm":106768,"minecraft:interact_with_smoker":3,"minecraft:fall_one_cm":25895},"minecraft:picked_up":{"minecraft:birch_log":23,"minecraft:charcoal":4,"minecraft:crafting_table":2,"minecraft:wheat":1,"supertools:hammerstone":1,"minecraft:andesite":14,"minecraft:leather":1,"minecraft:lead":1,"minecraft:smoker":1,"mowziesmobs:glowing_jelly":1,"minecraft:flint":2,"immersiveengineering:ore_nickel":2,"minecraft:gunpowder":12,"immersiveengineering:ore_copper":1,"minecraft:dirt":969,"immersiveengineering:ore_uranium":8,"spartanweaponry:battleaxe_iron":1,"minecraft:wheat_seeds":14,"minecraft:iron_ingot":57,"minecraft:iron_ore":135,"minecraft:birch_sapling":12,"minecraft:iron_pickaxe":1,"minecraft:sugar_cane":3,"minecraft:chest":1,"minecraft:phantom_membrane":3,"minecraft:furnace":1,"minecraft:dark_oak_sapling":2,"minecraft:stick":70,"minecraft:black_terracotta":1,"minecraft:torch":49,"minecraft:gravel":4,"minecraft:sand":2,"minecraft:diorite":21,"minecraft:gold_ore":20,"minecraft:dark_oak_log":89,"minecraft:dark_oak_planks":52,"immersiveengineering:ore_silver":10,"travelersbackpack:standard":1,"artifacts:lucky_scarf":1,"minecraft:rotten_flesh":31,"minecraft:diamond":37,"immersiveengineering:seed":7,"minecraft:stone_axe":1,"aquaculture:brown_trout":2,"minecraft:granite":51,"minecraft:cyan_terracotta":10,"minecraft:bread":28,"immersiveengineering:ore_lead":6,"minecraft:coal":136,"minecraft:cobblestone":826},"minecraft:mined":{"minecraft:dark_oak_planks":4,"minecraft:diamond_ore":28,"immersiveengineering:ore_copper":1,"minecraft:cyan_terracotta":10,"minecraft:dark_oak_leaves":205,"minecraft:black_terracotta":1,"minecraft:dark_oak_log":89,"minecraft:crafting_table":1,"minecraft:torch":11,"minecraft:granite":52,"immersiveengineering:ore_nickel":2,"minecraft:grass_block":308,"minecraft:campfire":1,"minecraft:tall_grass":2,"minecraft:cobblestone":15,"minecraft:sugar_cane":3,"immersiveengineering:ore_silver":10,"minecraft:diorite":16,"minecraft:wall_torch":5,"minecraft:birch_sapling":1,"minecraft:seagrass":1,"minecraft:tall_seagrass":3,"minecraft:furnace":1,"minecraft:birch_log":23,"minecraft:iron_ore":138,"immersiveengineering:ore_uranium":9,"minecraft:birch_leaves":163,"minecraft:andesite":17,"treechop:chopped_log":48,"minecraft:grass":17,"minecraft:coal_ore":118,"minecraft:gravel":5,"minecraft:sand":2,"minecraft:dirt":768,"immersiveengineering:ore_lead":6,"minecraft:stone":905,"minecraft:gold_ore":20,"minecraft:oak_leaves":1},"minecraft:killed":{"minecraft:zombie_villager":1,"minecraft:wandering_trader":1,"betternether:firefly":1,"minecraft:phantom":7,"mowziesmobs:lantern":1,"minecraft:trader_llama":2,"minecraft:zombie":14,"aquaculture:brown_trout":2},"minecraft:dropped":{"minecraft:stone_axe":1,"minecraft:cobblestone":1,"minecraft:rotten_flesh":22,"minecraft:dirt":2,"minecraft:gunpowder":9,"minecraft:diorite":6,"minecraft:charcoal":2,"minecraft:andesite":3,"minecraft:chest":1,"minecraft:phantom_membrane":3,"minecraft:iron_pickaxe":1},"minecraft:used":{"minecraft:wheat_seeds":2,"minecraft:diorite":15,"supertools:hammerstone":113,"minecraft:birch_planks":78,"minecraft:stone_pickaxe":262,"minecraft:chest":2,"minecraft:diamond_axe":63,"spartanweaponry:battleaxe_iron":259,"minecraft:rotten_flesh":1,"minecraft:torch":61,"minecraft:dirt":448,"minecraft:crafting_table":2,"minecraft:granite":49,"minecraft:smoker":1,"minecraft:dark_oak_planks":23,"minecraft:birch_sapling":5,"minecraft:diamond_shovel":201,"minecraft:bread":45,"minecraft:iron_pickaxe":307,"supertools:shoveliron":156,"minecraft:gravel":4,"minecraft:cobblestone":285,"travelersbackpack:standard":1,"minecraft:furnace":8,"minecraft:andesite":11}},"DataVersion":2586}