{"stats":{"minecraft:mined":{"minecraft:diamond_ore":28,"minecraft:cyan_terracotta":10,"minecraft:dark_oak_leaves":205,"minecraft:black_terracotta":1,"minecraft:dark_oak_log":89,"minecraft:crafting_table":1,"minecraft:torch":8,"minecraft:granite":51,"immersiveengineering:ore_nickel":2,"minecraft:grass_block":1,"minecraft:campfire":1,"minecraft:cobblestone":9,"immersiveengineering:ore_silver":10,"minecraft:diorite":15,"minecraft:wall_torch":5,"minecraft:furnace":1,"minecraft:iron_ore":138,"immersiveengineering:ore_uranium":9,"minecraft:andesite":11,"treechop:chopped_log":33,"minecraft:coal_ore":115,"minecraft:gravel":5,"minecraft:dirt":8,"immersiveengineering:ore_lead":6,"minecraft:stone":432,"minecraft:gold_ore":20},"minecraft:picked_up":{"minecraft:charcoal":4,"minecraft:crafting_table":2,"supertools:hammerstone":1,"minecraft:andesite":9,"minecraft:leather":1,"minecraft:lead":1,"minecraft:smoker":1,"mowziesmobs:glowing_jelly":1,"minecraft:flint":2,"minecraft:gunpowder":1,"immersiveengineering:ore_nickel":2,"minecraft:dirt":21,"immersiveengineering:ore_uranium":8,"spartanweaponry:battleaxe_iron":1,"minecraft:wheat_seeds":2,"minecraft:iron_ore":135,"minecraft:furnace":1,"minecraft:dark_oak_sapling":2,"minecraft:stick":33,"minecraft:black_terracotta":1,"minecraft:torch":45,"minecraft:gravel":4,"minecraft:diorite":21,"minecraft:gold_ore":20,"minecraft:dark_oak_log":89,"immersiveengineering:ore_silver":10,"artifacts:lucky_scarf":1,"minecraft:rotten_flesh":27,"minecraft:diamond":37,"aquaculture:brown_trout":2,"minecraft:granite":50,"minecraft:cyan_terracotta":10,"minecraft:bread":28,"immersiveengineering:ore_lead":6,"minecraft:coal":134,"minecraft:cobblestone":423},"minecraft:custom":{"minecraft:interact_with_smithing_table":2,"minecraft:interact_with_furnace":34,"minecraft:mob_kills":17,"minecraft:interact_with_crafting_table":13,"minecraft:play_one_minute":101542,"minecraft:interact_with_stonecutter":1,"minecraft:leave_game":9,"minecraft:time_since_death":101542,"minecraft:climb_one_cm":1605,"minecraft:time_since_rest":101542,"minecraft:sprint_one_cm":39664,"minecraft:damage_taken":1230,"minecraft:walk_one_cm":373521,"minecraft:drop":18,"minecraft:damage_dealt":4013,"minecraft:talked_to_villager":2,"minecraft:swim_one_cm":7120,"minecraft:fly_one_cm":20100,"minecraft:open_chest":11,"minecraft:crouch_one_cm":186,"minecraft:sneak_time":637,"minecraft:walk_under_water_one_cm":10608,"minecraft:jump":1025,"minecraft:walk_on_water_one_cm":76023,"minecraft:interact_with_smoker":3,"minecraft:fall_one_cm":11362},"minecraft:used":{"minecraft:wheat_seeds":2,"minecraft:diorite":9,"supertools:hammerstone":91,"minecraft:stone_pickaxe":108,"minecraft:diamond_axe":37,"spartanweaponry:battleaxe_iron":182,"minecraft:rotten_flesh":1,"minecraft:torch":61,"minecraft:crafting_table":2,"minecraft:granite":42,"minecraft:smoker":1,"minecraft:bread":24,"minecraft:iron_pickaxe":88,"minecraft:gravel":4,"minecraft:cobblestone":270,"minecraft:furnace":8,"minecraft:andesite":6},"minecraft:killed":{"minecraft:zombie_villager":1,"minecraft:wandering_trader":1,"mowziesmobs:lantern":1,"minecraft:trader_llama":2,"minecraft:zombie":11,"aquaculture:brown_trout":2},"minecraft:crafted":{"minecraft:diamond_axe":1,"minecraft:iron_helmet":1,"minecraft:furnace":7,"minecraft:iron_boots":1,"minecraft:iron_chestplate":1,"minecraft:diamond_pickaxe":1,"minecraft:iron_ingot":27,"minecraft:iron_pickaxe":1,"minecraft:stone_pickaxe":1,"minecraft:iron_leggings":1,"minecraft:dark_oak_planks":64,"minecraft:torch":16},"minecraft:dropped":{"minecraft:rotten_flesh":22,"minecraft:diorite":6,"minecraft:charcoal":2,"minecraft:andesite":3}},"DataVersion":2586}