{"stats":{"minecraft:dropped":{"minecraft:rotten_flesh":22,"minecraft:gunpowder":9,"minecraft:diorite":6,"minecraft:charcoal":2,"minecraft:andesite":3,"minecraft:chest":1},"minecraft:crafted":{"minecraft:diamond_axe":1,"minecraft:iron_helmet":1,"minecraft:furnace":7,"minecraft:bread":21,"immersiveengineering:ingot_silver":10,"supertools:shoveliron":1,"minecraft:iron_boots":1,"minecraft:iron_chestplate":1,"minecraft:diamond_pickaxe":1,"minecraft:iron_ingot":133,"minecraft:iron_pickaxe":1,"minecraft:stone_pickaxe":1,"minecraft:chest":2,"minecraft:iron_shovel":9,"minecraft:gold_ingot":20,"minecraft:iron_leggings":1,"minecraft:dark_oak_planks":64,"minecraft:torch":16},"minecraft:mined":{"minecraft:diamond_ore":28,"minecraft:cyan_terracotta":10,"minecraft:dark_oak_leaves":205,"minecraft:black_terracotta":1,"minecraft:dark_oak_log":89,"minecraft:crafting_table":1,"minecraft:torch":8,"minecraft:granite":51,"immersiveengineering:ore_nickel":2,"minecraft:grass_block":203,"minecraft:campfire":1,"minecraft:cobblestone":9,"minecraft:sugar_cane":3,"immersiveengineering:ore_silver":10,"minecraft:diorite":15,"minecraft:wall_torch":5,"minecraft:tall_seagrass":2,"minecraft:furnace":1,"minecraft:iron_ore":138,"immersiveengineering:ore_uranium":9,"minecraft:andesite":11,"treechop:chopped_log":33,"minecraft:grass":12,"minecraft:coal_ore":116,"minecraft:gravel":5,"minecraft:sand":2,"minecraft:dirt":598,"immersiveengineering:ore_lead":6,"minecraft:stone":483,"minecraft:gold_ore":20},"minecraft:custom":{"minecraft:interact_with_smithing_table":2,"minecraft:interact_with_furnace":45,"minecraft:mob_kills":21,"minecraft:interact_with_crafting_table":20,"minecraft:play_one_minute":124743,"minecraft:interact_with_stonecutter":1,"minecraft:leave_game":10,"minecraft:time_since_death":124743,"minecraft:climb_one_cm":1605,"minecraft:time_since_rest":124743,"minecraft:sprint_one_cm":55160,"minecraft:damage_taken":1535,"minecraft:walk_one_cm":500538,"minecraft:drop":20,"minecraft:damage_dealt":4791,"minecraft:swim_one_cm":7222,"minecraft:talked_to_villager":2,"minecraft:fly_one_cm":26759,"minecraft:open_chest":15,"minecraft:crouch_one_cm":186,"minecraft:sneak_time":637,"minecraft:walk_under_water_one_cm":14377,"minecraft:jump":1328,"minecraft:walk_on_water_one_cm":91672,"minecraft:interact_with_smoker":3,"minecraft:fall_one_cm":17591},"minecraft:picked_up":{"minecraft:charcoal":4,"minecraft:crafting_table":2,"supertools:hammerstone":1,"minecraft:andesite":9,"minecraft:leather":1,"minecraft:lead":1,"minecraft:smoker":1,"mowziesmobs:glowing_jelly":1,"minecraft:flint":2,"minecraft:gunpowder":10,"immersiveengineering:ore_nickel":2,"minecraft:dirt":718,"immersiveengineering:ore_uranium":8,"spartanweaponry:battleaxe_iron":1,"minecraft:wheat_seeds":12,"minecraft:iron_ingot":57,"minecraft:iron_ore":135,"minecraft:sugar_cane":3,"minecraft:chest":1,"minecraft:phantom_membrane":2,"minecraft:furnace":1,"minecraft:dark_oak_sapling":2,"minecraft:stick":67,"minecraft:black_terracotta":1,"minecraft:torch":45,"minecraft:gravel":4,"minecraft:sand":2,"minecraft:diorite":21,"minecraft:gold_ore":20,"minecraft:dark_oak_log":89,"minecraft:dark_oak_planks":48,"immersiveengineering:ore_silver":10,"artifacts:lucky_scarf":1,"minecraft:rotten_flesh":29,"immersiveengineering:seed":4,"minecraft:diamond":37,"aquaculture:brown_trout":2,"minecraft:granite":50,"minecraft:cyan_terracotta":10,"minecraft:bread":28,"immersiveengineering:ore_lead":6,"minecraft:coal":134,"minecraft:cobblestone":423},"minecraft:used":{"minecraft:wheat_seeds":2,"minecraft:diorite":9,"supertools:hammerstone":101,"minecraft:stone_pickaxe":108,"minecraft:chest":2,"minecraft:diamond_axe":37,"spartanweaponry:battleaxe_iron":226,"minecraft:rotten_flesh":1,"minecraft:torch":61,"minecraft:dirt":36,"minecraft:crafting_table":2,"minecraft:granite":42,"minecraft:smoker":1,"minecraft:bread":27,"minecraft:iron_pickaxe":88,"supertools:shoveliron":155,"minecraft:gravel":4,"minecraft:cobblestone":270,"minecraft:furnace":8,"minecraft:andesite":6},"minecraft:killed":{"minecraft:zombie_villager":1,"minecraft:wandering_trader":1,"minecraft:phantom":3,"mowziesmobs:lantern":1,"minecraft:trader_llama":2,"minecraft:zombie":12,"aquaculture:brown_trout":2}},"DataVersion":2586}