{"stats":{"minecraft:used":{"minecraft:wheat_seeds":2,"spartanweaponry:battleaxe_iron":1},"minecraft:custom":{"minecraft:jump":81,"minecraft:time_since_rest":7092,"minecraft:interact_with_stonecutter":1,"minecraft:damage_dealt":49,"minecraft:play_one_minute":7092,"minecraft:leave_game":5,"minecraft:sprint_one_cm":17055,"minecraft:time_since_death":7092,"minecraft:walk_one_cm":21824,"minecraft:fall_one_cm":1697,"minecraft:fly_one_cm":6655},"minecraft:picked_up":{"minecraft:bread":28,"spartanweaponry:battleaxe_iron":1,"minecraft:wheat_seeds":2}},"DataVersion":2586}