{"stats":{"minecraft:crafted":{"minecraft:diamond_axe":1,"minecraft:iron_helmet":1,"spartanweaponry:handle":4,"minecraft:furnace":7,"spartanweaponry:battleaxe_iron":1,"minecraft:diamond_shovel":1,"minecraft:bread":21,"immersiveengineering:ingot_silver":10,"supertools:shoveliron":1,"minecraft:iron_boots":1,"minecraft:iron_chestplate":1,"minecraft:diamond_pickaxe":1,"minecraft:stick":28,"minecraft:iron_ingot":133,"minecraft:iron_pickaxe":1,"minecraft:stone_pickaxe":1,"minecraft:iron_leggings":1,"minecraft:chest":2,"minecraft:iron_shovel":9,"minecraft:gold_ingot":20,"minecraft:torch":16,"minecraft:dark_oak_planks":64},"minecraft:broken":{"minecraft:stone_pickaxe":1,"spartanweaponry:battleaxe_iron":1,"minecraft:iron_pickaxe":1,"supertools:hammerstone":1},"minecraft:custom":{"minecraft:interact_with_smithing_table":2,"minecraft:interact_with_furnace":48,"minecraft:mob_kills":29,"minecraft:interact_with_crafting_table":25,"minecraft:play_one_minute":202058,"minecraft:interact_with_stonecutter":1,"minecraft:leave_game":12,"minecraft:time_since_death":202058,"minecraft:climb_one_cm":2687,"minecraft:time_since_rest":202058,"minecraft:sprint_one_cm":129141,"minecraft:damage_taken":2325,"minecraft:walk_one_cm":782841,"minecraft:drop":26,"minecraft:damage_dealt":6309,"minecraft:crouch_one_cm":3291,"minecraft:swim_one_cm":9143,"minecraft:talked_to_villager":2,"minecraft:fly_one_cm":49683,"minecraft:open_chest":22,"minecraft:sneak_time":2287,"minecraft:walk_under_water_one_cm":24013,"minecraft:jump":1877,"minecraft:interact_with_blast_furnace":1,"minecraft:walk_on_water_one_cm":102360,"minecraft:interact_with_smoker":3,"minecraft:fall_one_cm":25117},"minecraft:picked_up":{"minecraft:charcoal":4,"minecraft:wheat":1,"minecraft:crafting_table":2,"supertools:hammerstone":1,"minecraft:andesite":14,"minecraft:leather":1,"minecraft:lead":1,"minecraft:smoker":1,"mowziesmobs:glowing_jelly":1,"minecraft:flint":2,"immersiveengineering:ore_nickel":2,"minecraft:gunpowder":12,"minecraft:dirt":951,"immersiveengineering:ore_uranium":8,"spartanweaponry:battleaxe_iron":1,"minecraft:wheat_seeds":14,"minecraft:iron_ingot":57,"minecraft:iron_ore":135,"minecraft:iron_pickaxe":1,"minecraft:sugar_cane":3,"minecraft:chest":1,"minecraft:phantom_membrane":3,"minecraft:furnace":1,"minecraft:dark_oak_sapling":2,"minecraft:stick":67,"minecraft:black_terracotta":1,"minecraft:torch":49,"minecraft:gravel":4,"minecraft:sand":2,"minecraft:diorite":21,"minecraft:gold_ore":20,"minecraft:dark_oak_log":89,"minecraft:dark_oak_planks":50,"immersiveengineering:ore_silver":10,"travelersbackpack:standard":1,"artifacts:lucky_scarf":1,"minecraft:rotten_flesh":31,"minecraft:diamond":37,"immersiveengineering:seed":7,"minecraft:stone_axe":1,"aquaculture:brown_trout":2,"minecraft:granite":50,"minecraft:cyan_terracotta":10,"minecraft:bread":28,"immersiveengineering:ore_lead":6,"minecraft:coal":134,"minecraft:cobblestone":652},"minecraft:mined":{"minecraft:dark_oak_planks":2,"minecraft:diamond_ore":28,"minecraft:cyan_terracotta":10,"minecraft:dark_oak_leaves":205,"minecraft:black_terracotta":1,"minecraft:dark_oak_log":89,"minecraft:crafting_table":1,"minecraft:torch":11,"minecraft:granite":51,"immersiveengineering:ore_nickel":2,"minecraft:grass_block":302,"minecraft:campfire":1,"minecraft:tall_grass":2,"minecraft:cobblestone":12,"minecraft:sugar_cane":3,"immersiveengineering:ore_silver":10,"minecraft:diorite":15,"minecraft:wall_torch":5,"minecraft:seagrass":1,"minecraft:tall_seagrass":3,"minecraft:furnace":1,"minecraft:iron_ore":138,"immersiveengineering:ore_uranium":9,"minecraft:andesite":17,"treechop:chopped_log":33,"minecraft:grass":17,"minecraft:coal_ore":116,"minecraft:gravel":5,"minecraft:sand":2,"minecraft:dirt":756,"immersiveengineering:ore_lead":6,"minecraft:stone":725,"minecraft:gold_ore":20,"minecraft:oak_leaves":1},"minecraft:killed":{"minecraft:zombie_villager":1,"minecraft:wandering_trader":1,"betternether:firefly":1,"minecraft:phantom":7,"mowziesmobs:lantern":1,"minecraft:trader_llama":2,"minecraft:zombie":14,"aquaculture:brown_trout":2},"minecraft:dropped":{"minecraft:stone_axe":1,"minecraft:cobblestone":1,"minecraft:rotten_flesh":22,"minecraft:dirt":2,"minecraft:gunpowder":9,"minecraft:diorite":6,"minecraft:charcoal":2,"minecraft:andesite":3,"minecraft:chest":1,"minecraft:phantom_membrane":3,"minecraft:iron_pickaxe":1},"minecraft:used":{"minecraft:wheat_seeds":2,"minecraft:diorite":15,"supertools:hammerstone":113,"minecraft:stone_pickaxe":131,"minecraft:chest":2,"minecraft:diamond_axe":42,"spartanweaponry:battleaxe_iron":259,"minecraft:rotten_flesh":1,"minecraft:torch":61,"minecraft:dirt":437,"minecraft:crafting_table":2,"minecraft:granite":49,"minecraft:smoker":1,"minecraft:dark_oak_planks":23,"minecraft:diamond_shovel":188,"minecraft:bread":45,"minecraft:iron_pickaxe":250,"supertools:shoveliron":156,"minecraft:gravel":4,"minecraft:cobblestone":285,"travelersbackpack:standard":1,"minecraft:furnace":8,"minecraft:andesite":11}},"DataVersion":2586}