{"stats":{"minecraft:killed":{"minecraft:cave_spider":4,"minecraft:spider":1,"aquaculture:muskellunge":1,"minecraft:skeleton":7,"minecraft:chicken":3,"aquaculture:perch":2,"goblintraders:goblin_trader":2,"aquaculture:carp":1,"artifacts:mimic":1,"minecraft:pig":7,"dungeonsmod:haunter":1,"minecraft:creeper":1,"minecraft:sheep":8,"aquaculture:minnow":1,"minecraft:zombie":12,"minecraft:cow":7},"minecraft:custom":{"minecraft:mob_kills":63,"minecraft:interact_with_crafting_table":39,"minecraft:open_barrel":2,"minecraft:leave_game":6,"minecraft:time_since_death":210315,"minecraft:climb_one_cm":14003,"minecraft:sprint_one_cm":621304,"minecraft:walk_one_cm":477373,"minecraft:drop":52,"minecraft:talked_to_villager":1,"minecraft:deaths":4,"minecraft:sneak_time":6793,"minecraft:walk_under_water_one_cm":24609,"minecraft:jump":4191,"minecraft:walk_on_water_one_cm":103998,"minecraft:interact_with_furnace":84,"minecraft:interact_with_cartography_table":3,"minecraft:play_one_minute":293724,"minecraft:sleep_in_bed":6,"minecraft:time_since_rest":80115,"minecraft:damage_taken":3641,"minecraft:damage_absorbed":90,"minecraft:trigger_trapped_chest":2,"minecraft:damage_dealt":9513,"minecraft:swim_one_cm":47673,"minecraft:fly_one_cm":665660,"minecraft:open_chest":10,"minecraft:crouch_one_cm":16308,"minecraft:interact_with_smoker":1,"minecraft:fall_one_cm":108729},"minecraft:used":{"minecraft:stone_sword":30,"supertools:hammerstone":119,"immersiveengineering:ore_lead":1,"minecraft:spruce_slab":1,"minecraft:poppy":1,"minecraft:iron_sword":273,"minecraft:cooked_chicken":2,"minecraft:wooden_shovel":14,"minecraft:rotten_flesh":2,"minecraft:torch":248,"minecraft:dirt":22,"minecraft:granite":6,"minecraft:wooden_axe":14,"minecraft:iron_axe":61,"carryon:tile_item":4,"minecraft:furnace":10,"minecraft:cooked_beef":15,"minecraft:cooked_mutton":2,"minecraft:water_bucket":19,"minecraft:diorite":8,"minecraft:birch_planks":1,"minecraft:stone_pickaxe":73,"minecraft:wooden_pickaxe":54,"minecraft:golden_apple":3,"minecraft:crafting_table":13,"minecraft:white_bed":7,"minecraft:shears":10,"appletreesrev:apple_planks":3,"minecraft:apple":61,"minecraft:iron_pickaxe":297,"minecraft:stone_axe":27,"travelersbackpack:standard":20,"minecraft:cobblestone":426,"minecraft:cooked_porkchop":2,"minecraft:andesite":15,"minecraft:bucket":20},"minecraft:crafted":{"minecraft:oak_planks":80,"minecraft:stone_shovel":1,"minecraft:cooked_chicken":2,"supertools:hammerstone":1,"minecraft:furnace":4,"minecraft:cooked_mutton":5,"minecraft:glass":27,"minecraft:iron_boots":1,"minecraft:iron_axe":1,"minecraft:stone_pickaxe":14,"minecraft:cooked_beef":15,"minecraft:wooden_shovel":1,"minecraft:cooked_porkchop":8,"minecraft:crafting_table":9,"minecraft:iron_helmet":1,"minecraft:wooden_pickaxe":2,"minecraft:iron_sword":2,"minecraft:bucket":1,"minecraft:birch_planks":52,"minecraft:air":0,"minecraft:iron_chestplate":1,"minecraft:stick":128,"appletreesrev:apple_planks":108,"minecraft:iron_ingot":114,"minecraft:iron_pickaxe":1,"minecraft:wooden_axe":1,"minecraft:stone_sword":2,"minecraft:iron_leggings":2,"minecraft:white_bed":2,"minecraft:torch":352,"minecraft:shears":1},"minecraft:picked_up":{"minecraft:crafting_table":5,"minecraft:iron_chestplate":3,"supertools:hammerstone":3,"minecraft:chicken":3,"minecraft:flower_pot":1,"minecraft:clay_ball":4,"minecraft:wooden_pickaxe":1,"immersiveengineering:ingot_copper":4,"minecraft:string":52,"aquaculture:muskellunge":2,"immersiveengineering:ore_copper":8,"minecraft:iron_leggings":1,"minecraft:beef":15,"minecraft:poppy":1,"minecraft:iron_pickaxe":3,"minecraft:spruce_slab":1,"minecraft:sugar_cane":14,"minecraft:birch_sapling":30,"minecraft:furnace":8,"minecraft:egg":10,"minecraft:iron_boots":2,"minecraft:stick":28,"minecraft:torch":101,"appletreesrev:apple_planks":42,"minecraft:porkchop":13,"minecraft:diorite":59,"immersiveengineering:ore_aluminum":12,"minecraft:stone_sword":1,"minecraft:arrow":11,"minecraft:rotten_flesh":20,"aquaculture:carp":2,"minecraft:mutton":12,"minecraft:rail":5,"minecraft:white_wool":10,"minecraft:cobblestone":905,"minecraft:birch_log":70,"minecraft:feather":8,"minecraft:andesite":55,"minecraft:leather":5,"appletreesrev:apple_log":27,"minecraft:birch_planks":5,"paraglider:spirit_orb":10,"minecraft:oak_log":20,"artifacts:flame_pendant":1,"minecraft:gunpowder":3,"minecraft:dirt":139,"minecraft:paper":1,"minecraft:bone":32,"minecraft:apple":61,"minecraft:wheat_seeds":5,"minecraft:iron_ingot":8,"minecraft:stone_pickaxe":5,"minecraft:cobweb":10,"minecraft:iron_ore":143,"aquaculture:minnow":3,"minecraft:iron_sword":3,"minecraft:oak_planks":2,"appletreesrev:apple_leaves":8,"minecraft:gravel":3,"minecraft:sand":57,"minecraft:white_bed":7,"minecraft:gold_ore":55,"minecraft:dark_oak_log":2,"minecraft:spider_eye":1,"immersiveengineering:ore_silver":16,"travelersbackpack:standard":1,"minecraft:light_gray_concrete":12,"immersiveengineering:seed":7,"minecraft:diamond":23,"minecraft:stone_axe":2,"minecraft:iron_helmet":3,"minecraft:granite":42,"minecraft:golden_apple":3,"minecraft:gray_wool":8,"minecraft:oak_sapling":9,"immersiveengineering:ore_lead":7,"minecraft:coal":321,"minecraft:oak_leaves":9},"minecraft:broken":{"minecraft:iron_pickaxe":1},"minecraft:mined":{"minecraft:diamond_ore":23,"immersiveengineering:ore_copper":4,"minecraft:white_bed":5,"minecraft:dark_oak_log":2,"appletreesrev:gapple_plant":5,"minecraft:granite":46,"minecraft:grass_block":16,"travelersbackpack:white_sleeping_bag":1,"minecraft:spruce_leaves":1,"immersiveengineering:ore_silver":10,"minecraft:spawner":4,"minecraft:furnace":7,"minecraft:iron_ore":136,"minecraft:andesite":26,"treechop:chopped_log":74,"minecraft:gold_block":1,"minecraft:rail":2,"minecraft:light_gray_concrete":6,"immersiveengineering:ore_lead":4,"minecraft:stone":618,"immersiveengineering:ore_aluminum":3,"minecraft:spruce_slab":1,"appletreesrev:apple_log":6,"appletreesrev:apple_leaves":43,"minecraft:clay":1,"minecraft:crafting_table":4,"minecraft:torch":1,"appletreesrev:apple_plant":66,"minecraft:cobblestone":17,"minecraft:sugar_cane":4,"minecraft:oak_planks":2,"minecraft:diorite":47,"minecraft:wall_torch":2,"minecraft:seagrass":3,"minecraft:birch_log":72,"minecraft:birch_leaves":546,"minecraft:grass":11,"minecraft:oak_log":28,"minecraft:coal_ore":283,"minecraft:sand":28,"minecraft:sunflower":1,"minecraft:gravel":4,"minecraft:dirt":27,"minecraft:cobweb":41,"minecraft:gold_ore":56,"minecraft:oak_leaves":276},"minecraft:killed_by":{"minecraft:creeper":1,"minecraft:skeleton":2},"minecraft:dropped":{"aquaculture:carp":1,"minecraft:wheat_seeds":5,"immersiveengineering:ore_lead":6,"minecraft:cobblestone":10,"minecraft:feather":4,"appletreesrev:apple_leaves":8,"minecraft:leather":2,"aquaculture:minnow":2,"minecraft:granite":7,"minecraft:rail":5,"paraglider:spirit_orb":3,"minecraft:stick":1,"minecraft:dirt":14,"minecraft:gray_wool":4,"aquaculture:muskellunge":2,"minecraft:diorite":14,"minecraft:mutton":7,"minecraft:sand":10,"minecraft:glistering_melon_slice":4,"minecraft:string":5,"minecraft:white_wool":2,"immersiveengineering:ore_copper":2,"minecraft:bone":9,"minecraft:sugar_cane":7,"minecraft:birch_sapling":1,"minecraft:chicken":1,"minecraft:rotten_flesh":2,"minecraft:cooked_mutton":3,"minecraft:light_gray_concrete":6,"minecraft:flower_pot":1,"minecraft:gunpowder":3,"minecraft:andesite":9,"minecraft:oak_sapling":3,"minecraft:spider_eye":1,"minecraft:glass":27,"minecraft:stone_pickaxe":1,"immersiveengineering:ore_aluminum":3,"immersiveengineering:seed":3,"immersiveengineering:ore_silver":2,"minecraft:oak_leaves":9,"minecraft:egg":4}},"DataVersion":2586}