{"stats":{"minecraft:crafted":{"minecraft:oak_planks":80,"minecraft:cooked_chicken":2,"minecraft:stone":126,"minecraft:diamond_shovel":1,"travelersbackpack:diamond":1,"minecraft:cooked_mutton":5,"minecraft:glass":27,"minecraft:stone_brick_slab":60,"supertools:hammeriron":1,"minecraft:bow":1,"minecraft:iron_boots":2,"minecraft:chest":4,"minecraft:birch_door":3,"minecraft:stone_bricks":96,"minecraft:wooden_shovel":1,"minecraft:cooked_porkchop":14,"minecraft:diamond_axe":1,"minecraft:crafting_table":11,"minecraft:spruce_planks":144,"minecraft:wooden_pickaxe":2,"minecraft:iron_helmet":2,"minecraft:birch_planks":276,"minecraft:stone_brick_stairs":20,"minecraft:iron_chestplate":2,"minecraft:diamond_pickaxe":1,"appletreesrev:apple_planks":108,"minecraft:stick":172,"minecraft:stone_slab":60,"minecraft:iron_ingot":114,"minecraft:iron_pickaxe":11,"minecraft:stone_sword":2,"minecraft:shears":1,"minecraft:polished_andesite":28,"minecraft:stone_shovel":1,"supertools:hammerstone":1,"minecraft:furnace":4,"minecraft:bone_meal":24,"minecraft:polished_andesite_slab":54,"minecraft:iron_axe":1,"minecraft:stone_pickaxe":14,"minecraft:dark_oak_planks":232,"minecraft:cooked_beef":19,"minecraft:diamond_sword":1,"minecraft:iron_sword":2,"minecraft:bucket":2,"minecraft:bread":42,"minecraft:air":0,"minecraft:andesite_slab":72,"minecraft:wooden_axe":1,"minecraft:iron_leggings":3,"minecraft:white_bed":2,"minecraft:torch":528},"minecraft:broken":{"minecraft:iron_axe":1,"minecraft:iron_pickaxe":1,"minecraft:iron_helmet":1},"minecraft:custom":{"minecraft:interact_with_crafting_table":85,"minecraft:open_barrel":2,"minecraft:leave_game":20,"minecraft:time_since_death":467298,"minecraft:sprint_one_cm":1228581,"minecraft:drop":100,"minecraft:talked_to_villager":1,"minecraft:deaths":4,"minecraft:jump":8496,"minecraft:walk_on_water_one_cm":233115,"minecraft:interact_with_furnace":135,"minecraft:interact_with_cartography_table":3,"minecraft:play_one_minute":550707,"minecraft:sleep_in_bed":6,"minecraft:damage_dealt":16499,"minecraft:crouch_one_cm":94450,"minecraft:interact_with_smoker":1,"minecraft:mob_kills":111,"minecraft:climb_one_cm":17444,"minecraft:walk_one_cm":1114972,"minecraft:sneak_time":23157,"minecraft:walk_under_water_one_cm":41408,"minecraft:interact_with_blast_furnace":1,"minecraft:time_since_rest":337098,"minecraft:damage_taken":7616,"minecraft:damage_absorbed":249,"minecraft:trigger_trapped_chest":3,"minecraft:swim_one_cm":84490,"minecraft:fly_one_cm":1339931,"minecraft:open_chest":59,"minecraft:fall_one_cm":197856},"minecraft:picked_up":{"minecraft:birch_door":1,"minecraft:iron_chestplate":3,"minecraft:flower_pot":2,"minecraft:stone_slab":12,"minecraft:stone_brick_stairs":5,"minecraft:string":59,"aquaculture:muskellunge":2,"immersiveengineering:ingot_copper":4,"minecraft:iron_leggings":1,"minecraft:dark_oak_leaves":145,"minecraft:spruce_planks":229,"minecraft:iron_pickaxe":3,"minecraft:furnace":13,"minecraft:iron_boots":2,"minecraft:stick":56,"minecraft:torch":103,"appletreesrev:apple_planks":42,"minecraft:porkchop":13,"minecraft:diorite":62,"immersiveengineering:ore_aluminum":12,"minecraft:stone_sword":1,"minecraft:rotten_flesh":46,"minecraft:cobblestone":1032,"minecraft:birch_log":95,"minecraft:feather":8,"minecraft:cooked_beef":1,"minecraft:andesite":119,"appletreesrev:apple_log":27,"paraglider:spirit_orb":10,"artifacts:flame_pendant":1,"minecraft:lapis_lazuli":30,"minecraft:dirt":798,"minecraft:bone":41,"minecraft:wheat_seeds":9,"minecraft:oak_planks":2,"minecraft:sand":194,"minecraft:stripped_spruce_log":2,"minecraft:ink_sac":2,"minecraft:dark_oak_log":240,"immersiveengineering:ore_silver":19,"minecraft:light_gray_concrete":12,"minecraft:polished_andesite":1,"minecraft:diamond":35,"minecraft:granite":72,"minecraft:golden_apple":9,"minecraft:oak_sapling":11,"minecraft:andesite_slab":11,"minecraft:oak_leaves":27,"minecraft:crafting_table":13,"supertools:hammerstone":4,"minecraft:chicken":3,"minecraft:clay_ball":4,"minecraft:wooden_pickaxe":1,"mowziesmobs:glowing_jelly":2,"immersiveengineering:ore_copper":8,"minecraft:beef":25,"oresabovediamonds:amethyst":8,"minecraft:poppy":1,"minecraft:spruce_slab":1,"minecraft:sugar_cane":14,"minecraft:chest":6,"minecraft:birch_sapling":57,"minecraft:phantom_membrane":6,"minecraft:egg":10,"minecraft:dark_oak_sapling":14,"minecraft:redstone":2,"minecraft:dark_oak_planks":57,"minecraft:arrow":23,"aquaculture:carp":2,"minecraft:mutton":12,"minecraft:white_wool":12,"minecraft:rail":5,"minecraft:leather":9,"minecraft:birch_planks":6,"minecraft:oak_log":20,"minecraft:gunpowder":5,"minecraft:paper":1,"minecraft:apple":102,"minecraft:stone_bricks":13,"minecraft:iron_ingot":9,"minecraft:stone_pickaxe":5,"minecraft:cobweb":10,"minecraft:iron_ore":149,"aquaculture:minnow":3,"minecraft:polished_andesite_slab":35,"minecraft:iron_sword":4,"appletreesrev:apple_leaves":8,"minecraft:stone_brick_slab":8,"minecraft:dandelion":2,"minecraft:gravel":6,"minecraft:spruce_sapling":38,"minecraft:white_bed":7,"minecraft:spruce_log":143,"minecraft:gold_ore":98,"minecraft:spider_eye":1,"travelersbackpack:standard":1,"immersiveengineering:seed":7,"minecraft:stone_axe":2,"minecraft:iron_helmet":3,"minecraft:gray_wool":12,"immersiveengineering:ore_lead":7,"minecraft:coal":330},"minecraft:mined":{"minecraft:dark_oak_planks":57,"minecraft:spruce_planks":169,"minecraft:white_bed":5,"minecraft:granite":48,"minecraft:grass_block":504,"minecraft:spawner":4,"minecraft:magma_block":2,"minecraft:iron_ore":142,"minecraft:light_gray_concrete":6,"immersiveengineering:ore_lead":4,"minecraft:spruce_slab":1,"appletreesrev:apple_log":6,"minecraft:clay":1,"minecraft:torch":1,"minecraft:chest":6,"minecraft:mushroom_stem":2,"minecraft:cobblestone":56,"minecraft:sugar_cane":4,"minecraft:oak_planks":2,"minecraft:wall_torch":2,"minecraft:seagrass":3,"minecraft:birch_log":96,"minecraft:birch_door":1,"minecraft:stone_brick_stairs":5,"minecraft:grass":29,"minecraft:oak_log":28,"minecraft:sand":166,"minecraft:dirt":202,"minecraft:oak_leaves":314,"minecraft:diamond_ore":35,"immersiveengineering:ore_copper":4,"minecraft:dark_oak_leaves":710,"minecraft:dark_oak_log":247,"appletreesrev:gapple_plant":12,"travelersbackpack:white_sleeping_bag":1,"minecraft:polished_andesite_slab":32,"minecraft:spruce_leaves":579,"immersiveengineering:ore_silver":13,"minecraft:large_fern":2,"minecraft:furnace":12,"minecraft:andesite":26,"minecraft:stripped_spruce_log":2,"treechop:chopped_log":251,"minecraft:gold_block":1,"minecraft:rail":2,"minecraft:stone":725,"immersiveengineering:ore_aluminum":3,"minecraft:stripped_dark_oak_log":1,"minecraft:stone_brick_slab":8,"appletreesrev:apple_leaves":48,"minecraft:crafting_table":12,"minecraft:andesite_slab":3,"oresabovediamonds:amethyst_ore":8,"minecraft:stone_slab":12,"minecraft:tall_grass":1,"appletreesrev:apple_plant":112,"minecraft:lapis_ore":5,"minecraft:diorite":50,"minecraft:birch_planks":1,"minecraft:spruce_log":120,"minecraft:birch_leaves":771,"minecraft:coal_ore":283,"minecraft:sunflower":1,"minecraft:gravel":4,"minecraft:cobweb":41,"minecraft:polished_andesite":1,"minecraft:stone_bricks":13,"minecraft:gold_ore":101,"minecraft:fern":1},"minecraft:killed_by":{"minecraft:creeper":1,"minecraft:skeleton":2},"minecraft:killed":{"minecraft:cave_spider":4,"minecraft:witch":1,"minecraft:spider":4,"aquaculture:muskellunge":1,"minecraft:skeleton":17,"minecraft:chicken":3,"aquaculture:perch":2,"aquaculture:carp":1,"artifacts:mimic":1,"minecraft:pig":7,"minecraft:creeper":2,"minecraft:sheep":8,"mowziesmobs:lantern":1,"aquaculture:minnow":1,"minecraft:zombie":27,"minecraft:cow":12,"dungeonsmod:rogue":1,"minecraft:phantom":6,"minecraft:drowned":1,"goblintraders:goblin_trader":2,"dungeonsmod:haunter":1},"minecraft:used":{"minecraft:spruce_slab":1,"minecraft:poppy":1,"minecraft:chest":8,"minecraft:iron_sword":384,"travelersbackpack:diamond":1,"minecraft:rotten_flesh":4,"minecraft:dark_oak_leaves":101,"minecraft:stone_brick_stairs":18,"minecraft:stone_bricks":41,"carryon:tile_item":4,"minecraft:bow":14,"minecraft:furnace":15,"minecraft:dark_oak_sapling":4,"minecraft:diorite":11,"minecraft:stone_pickaxe":73,"minecraft:wooden_pickaxe":54,"minecraft:diamond_axe":398,"minecraft:golden_apple":10,"supertools:hammeriron":5,"minecraft:shears":219,"minecraft:dark_oak_log":120,"minecraft:bread":27,"minecraft:polished_andesite_slab":80,"minecraft:andesite":15,"minecraft:bone_meal":24,"minecraft:stone_sword":30,"supertools:hammerstone":119,"immersiveengineering:ore_lead":1,"minecraft:spruce_planks":170,"minecraft:wooden_shovel":14,"minecraft:cooked_chicken":2,"minecraft:torch":432,"minecraft:dirt":684,"minecraft:granite":36,"minecraft:birch_door":1,"minecraft:stone_brick_slab":22,"minecraft:wooden_axe":14,"minecraft:dark_oak_planks":244,"minecraft:iron_axe":237,"appletreesrev:gapple_sapling":2,"minecraft:beef":5,"minecraft:cooked_beef":20,"minecraft:cooked_mutton":2,"minecraft:water_bucket":61,"minecraft:birch_planks":4,"minecraft:polished_andesite":1,"minecraft:andesite_slab":3,"minecraft:crafting_table":23,"minecraft:white_bed":7,"minecraft:spruce_log":40,"minecraft:diamond_pickaxe":185,"appletreesrev:apple_planks":3,"minecraft:apple":100,"minecraft:diamond_shovel":757,"minecraft:iron_pickaxe":410,"minecraft:stone_slab":12,"minecraft:stone_axe":27,"minecraft:cobblestone":544,"travelersbackpack:standard":20,"minecraft:cooked_porkchop":14,"minecraft:bucket":64},"minecraft:dropped":{"aquaculture:carp":1,"immersiveengineering:ore_lead":6,"minecraft:dark_oak_sapling":3,"appletreesrev:apple_leaves":8,"minecraft:leather":2,"aquaculture:minnow":2,"minecraft:rail":5,"paraglider:spirit_orb":3,"minecraft:dirt":23,"minecraft:mutton":7,"minecraft:sand":10,"minecraft:glistering_melon_slice":4,"minecraft:white_wool":4,"minecraft:bone":10,"minecraft:gravel":6,"minecraft:sugar_cane":7,"minecraft:andesite_slab":8,"minecraft:birch_sapling":37,"minecraft:wheat":1,"minecraft:rotten_flesh":38,"minecraft:cooked_mutton":3,"minecraft:white_bed":1,"minecraft:gunpowder":5,"minecraft:arrow":2,"minecraft:glass":27,"immersiveengineering:ore_aluminum":3,"immersiveengineering:seed":3,"minecraft:oak_leaves":27,"minecraft:egg":4,"minecraft:stripped_spruce_log":2,"minecraft:wheat_seeds":6,"minecraft:feather":4,"minecraft:cobblestone":10,"minecraft:apple":7,"minecraft:granite":33,"minecraft:stick":1,"aquaculture:muskellunge":2,"minecraft:gray_wool":12,"minecraft:diorite":33,"minecraft:ink_sac":2,"minecraft:string":7,"minecraft:spruce_sapling":19,"minecraft:dandelion":2,"minecraft:redstone":2,"immersiveengineering:ore_copper":2,"supertools:hammerstone":1,"minecraft:chicken":1,"minecraft:light_gray_concrete":6,"minecraft:shears":1,"minecraft:flower_pot":2,"minecraft:spruce_planks":64,"minecraft:andesite":9,"minecraft:oak_sapling":6,"minecraft:spider_eye":1,"minecraft:spruce_log":24,"minecraft:stone_pickaxe":1,"immersiveengineering:ore_silver":2}},"DataVersion":2586}