{"stats":{"minecraft:dropped":{"aquaculture:carp":1,"immersiveengineering:ore_lead":6,"minecraft:cobblestone":10,"minecraft:feather":4,"appletreesrev:apple_leaves":8,"minecraft:leather":2,"aquaculture:minnow":2,"minecraft:granite":7,"paraglider:spirit_orb":3,"minecraft:stick":1,"minecraft:dirt":2,"minecraft:gray_wool":4,"aquaculture:muskellunge":2,"minecraft:diorite":12,"minecraft:mutton":7,"minecraft:sand":10,"minecraft:glistering_melon_slice":4,"minecraft:string":5,"minecraft:white_wool":2,"minecraft:bone":9,"minecraft:sugar_cane":7,"minecraft:chicken":1,"minecraft:rotten_flesh":2,"minecraft:cooked_mutton":3,"minecraft:light_gray_concrete":6,"minecraft:andesite":9,"minecraft:oak_sapling":2,"minecraft:stone_pickaxe":1,"minecraft:glass":27,"immersiveengineering:ore_aluminum":3,"immersiveengineering:seed":2,"immersiveengineering:ore_silver":2,"minecraft:oak_leaves":9,"minecraft:egg":4},"minecraft:crafted":{"minecraft:oak_planks":80,"minecraft:stone_shovel":1,"minecraft:cooked_chicken":2,"supertools:hammerstone":1,"minecraft:furnace":4,"minecraft:cooked_mutton":5,"minecraft:glass":27,"minecraft:iron_boots":1,"minecraft:iron_axe":1,"minecraft:stone_pickaxe":14,"minecraft:cooked_beef":15,"minecraft:wooden_shovel":1,"minecraft:cooked_porkchop":8,"minecraft:crafting_table":9,"minecraft:iron_helmet":1,"minecraft:wooden_pickaxe":2,"minecraft:iron_sword":2,"minecraft:bucket":1,"minecraft:birch_planks":52,"minecraft:air":0,"minecraft:iron_chestplate":1,"minecraft:stick":96,"appletreesrev:apple_planks":108,"minecraft:iron_ingot":114,"minecraft:iron_pickaxe":1,"minecraft:wooden_axe":1,"minecraft:stone_sword":2,"minecraft:iron_leggings":2,"minecraft:white_bed":2,"minecraft:torch":212,"minecraft:shears":1},"minecraft:mined":{"minecraft:diamond_ore":15,"immersiveengineering:ore_copper":3,"minecraft:white_bed":5,"minecraft:dark_oak_log":2,"minecraft:granite":17,"minecraft:grass_block":6,"travelersbackpack:white_sleeping_bag":1,"minecraft:spruce_leaves":1,"immersiveengineering:ore_silver":8,"minecraft:spawner":4,"minecraft:furnace":7,"minecraft:iron_ore":120,"minecraft:andesite":26,"treechop:chopped_log":34,"minecraft:gold_block":1,"minecraft:rail":2,"minecraft:light_gray_concrete":6,"immersiveengineering:ore_lead":4,"minecraft:stone":455,"immersiveengineering:ore_aluminum":3,"minecraft:spruce_slab":1,"appletreesrev:apple_log":6,"appletreesrev:apple_leaves":43,"minecraft:clay":1,"minecraft:crafting_table":4,"minecraft:torch":1,"appletreesrev:apple_plant":66,"minecraft:cobblestone":17,"minecraft:sugar_cane":4,"minecraft:oak_planks":2,"minecraft:diorite":19,"minecraft:wall_torch":1,"minecraft:seagrass":3,"minecraft:birch_log":14,"minecraft:birch_leaves":110,"minecraft:grass":8,"minecraft:oak_log":28,"minecraft:coal_ore":254,"minecraft:sunflower":1,"minecraft:sand":28,"minecraft:dirt":18,"minecraft:cobweb":41,"minecraft:gold_ore":48,"minecraft:oak_leaves":275},"minecraft:custom":{"minecraft:mob_kills":56,"minecraft:interact_with_crafting_table":37,"minecraft:open_barrel":2,"minecraft:leave_game":4,"minecraft:time_since_death":154386,"minecraft:climb_one_cm":12851,"minecraft:sprint_one_cm":499938,"minecraft:walk_one_cm":418502,"minecraft:drop":40,"minecraft:talked_to_villager":1,"minecraft:deaths":4,"minecraft:sneak_time":6224,"minecraft:walk_under_water_one_cm":21824,"minecraft:jump":3197,"minecraft:walk_on_water_one_cm":83705,"minecraft:interact_with_furnace":82,"minecraft:interact_with_cartography_table":3,"minecraft:play_one_minute":237795,"minecraft:sleep_in_bed":6,"minecraft:time_since_rest":24186,"minecraft:damage_taken":2743,"minecraft:damage_absorbed":40,"minecraft:trigger_trapped_chest":2,"minecraft:damage_dealt":8436,"minecraft:swim_one_cm":37990,"minecraft:fly_one_cm":479543,"minecraft:open_chest":10,"minecraft:crouch_one_cm":14645,"minecraft:fall_one_cm":79453},"minecraft:picked_up":{"minecraft:crafting_table":5,"minecraft:iron_chestplate":3,"supertools:hammerstone":3,"minecraft:chicken":3,"minecraft:flower_pot":1,"minecraft:clay_ball":4,"minecraft:wooden_pickaxe":1,"minecraft:string":52,"aquaculture:muskellunge":2,"immersiveengineering:ore_copper":7,"immersiveengineering:ingot_copper":4,"minecraft:iron_leggings":1,"minecraft:beef":15,"minecraft:poppy":1,"minecraft:iron_pickaxe":3,"minecraft:spruce_slab":1,"minecraft:sugar_cane":14,"minecraft:birch_sapling":11,"minecraft:furnace":8,"minecraft:egg":10,"minecraft:iron_boots":2,"minecraft:stick":15,"minecraft:torch":98,"appletreesrev:apple_planks":42,"minecraft:porkchop":13,"minecraft:diorite":36,"immersiveengineering:ore_aluminum":12,"minecraft:stone_sword":1,"minecraft:arrow":11,"minecraft:rotten_flesh":14,"aquaculture:carp":2,"minecraft:mutton":12,"minecraft:rail":5,"minecraft:white_wool":10,"minecraft:cobblestone":766,"minecraft:birch_log":14,"minecraft:feather":8,"minecraft:andesite":55,"minecraft:leather":5,"appletreesrev:apple_log":27,"minecraft:birch_planks":5,"paraglider:spirit_orb":10,"minecraft:oak_log":20,"minecraft:gunpowder":3,"minecraft:dirt":125,"minecraft:paper":1,"minecraft:bone":32,"minecraft:apple":61,"minecraft:wheat_seeds":4,"minecraft:iron_ingot":8,"minecraft:stone_pickaxe":5,"minecraft:cobweb":10,"minecraft:iron_ore":129,"aquaculture:minnow":3,"minecraft:iron_sword":3,"minecraft:oak_planks":2,"appletreesrev:apple_leaves":8,"minecraft:sand":57,"minecraft:white_bed":7,"minecraft:gold_ore":47,"minecraft:dark_oak_log":2,"minecraft:spider_eye":1,"immersiveengineering:ore_silver":14,"travelersbackpack:standard":1,"minecraft:light_gray_concrete":12,"immersiveengineering:seed":7,"minecraft:diamond":15,"minecraft:stone_axe":2,"minecraft:iron_helmet":3,"minecraft:granite":16,"minecraft:gray_wool":8,"minecraft:oak_sapling":8,"immersiveengineering:ore_lead":7,"minecraft:coal":292,"minecraft:oak_leaves":9},"minecraft:used":{"minecraft:stone_sword":30,"supertools:hammerstone":88,"immersiveengineering:ore_lead":1,"minecraft:spruce_slab":1,"minecraft:poppy":1,"minecraft:iron_sword":251,"minecraft:cooked_chicken":2,"minecraft:wooden_shovel":14,"minecraft:rotten_flesh":2,"minecraft:torch":212,"minecraft:dirt":20,"minecraft:granite":6,"minecraft:wooden_axe":14,"minecraft:iron_axe":10,"carryon:tile_item":4,"minecraft:furnace":10,"minecraft:cooked_beef":4,"minecraft:cooked_mutton":2,"minecraft:water_bucket":12,"minecraft:diorite":3,"minecraft:birch_planks":1,"minecraft:stone_pickaxe":73,"minecraft:wooden_pickaxe":54,"minecraft:golden_apple":1,"minecraft:crafting_table":12,"minecraft:white_bed":7,"minecraft:shears":10,"appletreesrev:apple_planks":3,"minecraft:apple":61,"minecraft:iron_pickaxe":242,"minecraft:stone_axe":27,"travelersbackpack:standard":20,"minecraft:cobblestone":287,"minecraft:cooked_porkchop":2,"minecraft:andesite":8,"minecraft:bucket":13},"minecraft:killed":{"minecraft:cave_spider":4,"minecraft:spider":1,"aquaculture:muskellunge":1,"minecraft:skeleton":7,"minecraft:chicken":3,"aquaculture:perch":2,"goblintraders:goblin_trader":2,"aquaculture:carp":1,"minecraft:pig":7,"minecraft:creeper":1,"minecraft:sheep":8,"aquaculture:minnow":1,"minecraft:zombie":11,"minecraft:cow":7},"minecraft:killed_by":{"minecraft:creeper":1,"minecraft:skeleton":2}},"DataVersion":2586}