{"stats":{"minecraft:picked_up":{"minecraft:iron_chestplate":3,"minecraft:crafting_table":13,"minecraft:birch_door":1,"supertools:hammerstone":4,"minecraft:chicken":3,"minecraft:flower_pot":2,"minecraft:clay_ball":4,"minecraft:wooden_pickaxe":1,"mowziesmobs:glowing_jelly":2,"minecraft:string":57,"aquaculture:muskellunge":2,"immersiveengineering:ore_copper":8,"immersiveengineering:ingot_copper":4,"minecraft:iron_leggings":1,"minecraft:dark_oak_leaves":88,"minecraft:spruce_planks":69,"minecraft:beef":25,"oresabovediamonds:amethyst":8,"minecraft:phantom_membrane":1,"minecraft:poppy":1,"minecraft:iron_pickaxe":3,"minecraft:spruce_slab":1,"minecraft:sugar_cane":14,"minecraft:chest":6,"minecraft:birch_sapling":57,"minecraft:furnace":13,"minecraft:iron_boots":2,"minecraft:egg":10,"minecraft:dark_oak_sapling":4,"minecraft:stick":51,"minecraft:torch":103,"appletreesrev:apple_planks":42,"minecraft:porkchop":13,"minecraft:diorite":62,"immersiveengineering:ore_aluminum":12,"minecraft:redstone":1,"minecraft:dark_oak_planks":1,"minecraft:stone_sword":1,"minecraft:arrow":23,"minecraft:rotten_flesh":46,"aquaculture:carp":2,"minecraft:mutton":12,"minecraft:rail":5,"minecraft:white_wool":12,"minecraft:cobblestone":1028,"minecraft:birch_log":95,"minecraft:feather":8,"minecraft:cooked_beef":1,"minecraft:andesite":119,"minecraft:leather":9,"appletreesrev:apple_log":27,"minecraft:birch_planks":6,"paraglider:spirit_orb":10,"minecraft:oak_log":20,"artifacts:flame_pendant":1,"minecraft:gunpowder":5,"minecraft:lapis_lazuli":30,"minecraft:dirt":726,"minecraft:paper":1,"minecraft:bone":41,"minecraft:apple":98,"minecraft:wheat_seeds":9,"minecraft:iron_ore":149,"minecraft:iron_ingot":9,"minecraft:stone_pickaxe":5,"minecraft:cobweb":10,"aquaculture:minnow":3,"minecraft:polished_andesite_slab":8,"minecraft:iron_sword":4,"minecraft:oak_planks":2,"appletreesrev:apple_leaves":8,"minecraft:dandelion":2,"minecraft:gravel":6,"minecraft:sand":57,"minecraft:ink_sac":2,"minecraft:stripped_spruce_log":2,"minecraft:spruce_sapling":38,"minecraft:white_bed":7,"minecraft:spruce_log":143,"minecraft:gold_ore":98,"minecraft:dark_oak_log":98,"minecraft:spider_eye":1,"immersiveengineering:ore_silver":19,"travelersbackpack:standard":1,"minecraft:light_gray_concrete":12,"minecraft:polished_andesite":1,"immersiveengineering:seed":7,"minecraft:diamond":35,"minecraft:stone_axe":2,"minecraft:iron_helmet":3,"minecraft:granite":72,"minecraft:golden_apple":9,"minecraft:gray_wool":12,"minecraft:oak_sapling":11,"immersiveengineering:ore_lead":7,"minecraft:coal":330,"minecraft:oak_leaves":27},"minecraft:mined":{"minecraft:dark_oak_planks":1,"minecraft:diamond_ore":35,"immersiveengineering:ore_copper":4,"minecraft:spruce_planks":61,"minecraft:white_bed":5,"minecraft:dark_oak_leaves":336,"minecraft:dark_oak_log":103,"appletreesrev:gapple_plant":12,"minecraft:granite":48,"minecraft:grass_block":454,"travelersbackpack:white_sleeping_bag":1,"minecraft:polished_andesite_slab":5,"minecraft:spruce_leaves":579,"immersiveengineering:ore_silver":13,"minecraft:spawner":4,"minecraft:large_fern":2,"minecraft:magma_block":2,"minecraft:furnace":12,"minecraft:iron_ore":142,"minecraft:andesite":26,"minecraft:stripped_spruce_log":2,"treechop:chopped_log":202,"minecraft:gold_block":1,"minecraft:rail":2,"minecraft:light_gray_concrete":6,"immersiveengineering:ore_lead":4,"minecraft:stone":725,"minecraft:spruce_slab":1,"immersiveengineering:ore_aluminum":3,"appletreesrev:apple_log":6,"appletreesrev:apple_leaves":48,"minecraft:clay":1,"minecraft:torch":1,"minecraft:crafting_table":12,"minecraft:chest":6,"oresabovediamonds:amethyst_ore":8,"minecraft:mushroom_stem":2,"appletreesrev:apple_plant":112,"minecraft:cobblestone":52,"minecraft:lapis_ore":5,"minecraft:oak_planks":2,"minecraft:sugar_cane":4,"minecraft:diorite":50,"minecraft:wall_torch":2,"minecraft:seagrass":3,"minecraft:birch_planks":1,"minecraft:birch_log":96,"minecraft:spruce_log":120,"minecraft:birch_leaves":770,"minecraft:birch_door":1,"minecraft:grass":29,"minecraft:coal_ore":283,"minecraft:oak_log":28,"minecraft:gravel":4,"minecraft:sand":28,"minecraft:sunflower":1,"minecraft:dirt":186,"minecraft:cobweb":41,"minecraft:polished_andesite":1,"minecraft:gold_ore":101,"minecraft:oak_leaves":314,"minecraft:fern":1},"minecraft:crafted":{"minecraft:oak_planks":80,"minecraft:stone_shovel":1,"minecraft:cooked_chicken":2,"supertools:hammerstone":1,"minecraft:furnace":4,"minecraft:stone":48,"minecraft:bone_meal":24,"minecraft:diamond_shovel":1,"minecraft:polished_andesite_slab":54,"minecraft:cooked_mutton":5,"minecraft:glass":27,"minecraft:bow":1,"supertools:hammeriron":1,"minecraft:iron_boots":2,"minecraft:iron_axe":1,"minecraft:stone_pickaxe":14,"minecraft:chest":4,"minecraft:birch_door":3,"minecraft:dark_oak_planks":152,"minecraft:stone_bricks":48,"minecraft:cooked_beef":19,"minecraft:wooden_shovel":1,"minecraft:cooked_porkchop":14,"minecraft:diamond_axe":1,"minecraft:crafting_table":10,"minecraft:spruce_planks":144,"minecraft:wooden_pickaxe":2,"minecraft:iron_helmet":2,"minecraft:iron_sword":2,"minecraft:bucket":2,"minecraft:birch_planks":276,"minecraft:bread":21,"minecraft:air":0,"minecraft:stone_brick_stairs":4,"minecraft:iron_chestplate":2,"minecraft:diamond_pickaxe":1,"minecraft:stick":172,"appletreesrev:apple_planks":108,"minecraft:iron_ingot":114,"minecraft:iron_pickaxe":11,"minecraft:wooden_axe":1,"minecraft:stone_sword":2,"minecraft:iron_leggings":3,"minecraft:white_bed":2,"minecraft:torch":528,"minecraft:shears":1,"minecraft:polished_andesite":28},"minecraft:dropped":{"aquaculture:carp":1,"minecraft:stripped_spruce_log":2,"minecraft:wheat_seeds":6,"immersiveengineering:ore_lead":6,"minecraft:cobblestone":10,"minecraft:feather":4,"appletreesrev:apple_leaves":8,"minecraft:apple":7,"minecraft:leather":2,"aquaculture:minnow":2,"minecraft:granite":33,"minecraft:rail":5,"paraglider:spirit_orb":3,"minecraft:stick":1,"minecraft:dirt":21,"minecraft:gray_wool":12,"aquaculture:muskellunge":2,"minecraft:diorite":33,"minecraft:mutton":7,"minecraft:sand":10,"minecraft:glistering_melon_slice":4,"minecraft:string":5,"minecraft:white_wool":4,"minecraft:dandelion":2,"minecraft:spruce_sapling":19,"immersiveengineering:ore_copper":2,"minecraft:bone":10,"minecraft:gravel":6,"supertools:hammerstone":1,"minecraft:sugar_cane":7,"minecraft:birch_sapling":37,"minecraft:chicken":1,"minecraft:rotten_flesh":30,"minecraft:cooked_mutton":3,"minecraft:light_gray_concrete":6,"minecraft:white_bed":1,"minecraft:flower_pot":2,"minecraft:gunpowder":5,"minecraft:andesite":9,"minecraft:oak_sapling":6,"minecraft:spider_eye":1,"minecraft:spruce_log":24,"minecraft:glass":27,"minecraft:stone_pickaxe":1,"immersiveengineering:ore_aluminum":3,"immersiveengineering:seed":3,"immersiveengineering:ore_silver":2,"minecraft:oak_leaves":27,"minecraft:egg":4},"minecraft:broken":{"minecraft:iron_axe":1,"minecraft:iron_pickaxe":1,"minecraft:iron_helmet":1},"minecraft:custom":{"minecraft:mob_kills":106,"minecraft:interact_with_crafting_table":71,"minecraft:open_barrel":2,"minecraft:leave_game":20,"minecraft:time_since_death":396116,"minecraft:climb_one_cm":17444,"minecraft:sprint_one_cm":1091178,"minecraft:walk_one_cm":881794,"minecraft:drop":86,"minecraft:talked_to_villager":1,"minecraft:deaths":4,"minecraft:sneak_time":17909,"minecraft:walk_under_water_one_cm":39221,"minecraft:jump":7516,"minecraft:interact_with_blast_furnace":1,"minecraft:walk_on_water_one_cm":209058,"minecraft:interact_with_furnace":116,"minecraft:interact_with_cartography_table":3,"minecraft:play_one_minute":479525,"minecraft:sleep_in_bed":6,"minecraft:time_since_rest":265916,"minecraft:damage_taken":7027,"minecraft:damage_absorbed":231,"minecraft:trigger_trapped_chest":3,"minecraft:damage_dealt":15788,"minecraft:swim_one_cm":76465,"minecraft:fly_one_cm":1187796,"minecraft:open_chest":51,"minecraft:crouch_one_cm":66606,"minecraft:interact_with_smoker":1,"minecraft:fall_one_cm":180034},"minecraft:killed_by":{"minecraft:creeper":1,"minecraft:skeleton":2},"minecraft:used":{"minecraft:stone_sword":30,"supertools:hammerstone":119,"immersiveengineering:ore_lead":1,"minecraft:spruce_slab":1,"minecraft:poppy":1,"minecraft:chest":8,"minecraft:spruce_planks":161,"minecraft:iron_sword":384,"minecraft:wooden_shovel":14,"minecraft:cooked_chicken":2,"minecraft:rotten_flesh":4,"minecraft:torch":432,"minecraft:dirt":599,"minecraft:granite":36,"minecraft:birch_door":1,"minecraft:dark_oak_planks":1,"minecraft:wooden_axe":14,"minecraft:iron_axe":237,"minecraft:dark_oak_leaves":25,"minecraft:stone_brick_stairs":4,"carryon:tile_item":4,"appletreesrev:gapple_sapling":2,"minecraft:bow":13,"minecraft:beef":5,"minecraft:furnace":15,"minecraft:cooked_beef":20,"minecraft:dark_oak_sapling":4,"minecraft:cooked_mutton":2,"minecraft:water_bucket":52,"minecraft:diorite":11,"minecraft:birch_planks":4,"minecraft:stone_pickaxe":73,"minecraft:polished_andesite":1,"minecraft:wooden_pickaxe":54,"minecraft:diamond_axe":141,"minecraft:golden_apple":8,"supertools:hammeriron":5,"minecraft:crafting_table":22,"minecraft:white_bed":7,"minecraft:shears":146,"minecraft:spruce_log":40,"minecraft:diamond_pickaxe":113,"appletreesrev:apple_planks":3,"minecraft:apple":95,"minecraft:diamond_shovel":561,"minecraft:dark_oak_log":35,"minecraft:bread":16,"minecraft:iron_pickaxe":410,"minecraft:stone_axe":27,"minecraft:polished_andesite_slab":62,"travelersbackpack:standard":20,"minecraft:cobblestone":536,"minecraft:cooked_porkchop":14,"minecraft:andesite":15,"minecraft:bucket":55,"minecraft:bone_meal":24},"minecraft:killed":{"dungeonsmod:rogue":1,"minecraft:cave_spider":4,"minecraft:witch":1,"minecraft:spider":4,"minecraft:phantom":2,"aquaculture:muskellunge":1,"minecraft:skeleton":17,"minecraft:chicken":3,"aquaculture:perch":2,"goblintraders:goblin_trader":2,"aquaculture:carp":1,"artifacts:mimic":1,"minecraft:pig":7,"dungeonsmod:haunter":1,"minecraft:creeper":2,"mowziesmobs:lantern":1,"minecraft:sheep":8,"aquaculture:minnow":1,"minecraft:zombie":27,"minecraft:cow":12}},"DataVersion":2586}