{"stats":{"minecraft:broken":{"minecraft:iron_pickaxe":1,"minecraft:iron_helmet":1},"minecraft:mined":{"minecraft:diamond_ore":35,"immersiveengineering:ore_copper":4,"minecraft:white_bed":5,"minecraft:dark_oak_log":2,"appletreesrev:gapple_plant":5,"minecraft:granite":48,"minecraft:grass_block":398,"travelersbackpack:white_sleeping_bag":1,"minecraft:spruce_leaves":579,"immersiveengineering:ore_silver":13,"minecraft:spawner":4,"minecraft:large_fern":2,"minecraft:magma_block":2,"minecraft:furnace":11,"minecraft:iron_ore":142,"minecraft:andesite":26,"treechop:chopped_log":147,"minecraft:gold_block":1,"minecraft:rail":2,"minecraft:light_gray_concrete":6,"immersiveengineering:ore_lead":4,"minecraft:stone":725,"minecraft:spruce_slab":1,"immersiveengineering:ore_aluminum":3,"appletreesrev:apple_log":6,"appletreesrev:apple_leaves":43,"minecraft:clay":1,"minecraft:torch":1,"minecraft:crafting_table":8,"oresabovediamonds:amethyst_ore":8,"minecraft:mushroom_stem":2,"appletreesrev:apple_plant":93,"minecraft:cobblestone":33,"minecraft:lapis_ore":5,"minecraft:oak_planks":2,"minecraft:sugar_cane":4,"minecraft:diorite":50,"minecraft:wall_torch":2,"minecraft:seagrass":3,"minecraft:birch_planks":1,"minecraft:birch_log":96,"minecraft:spruce_log":94,"minecraft:birch_leaves":757,"minecraft:birch_door":1,"minecraft:grass":27,"minecraft:oak_log":28,"minecraft:coal_ore":283,"minecraft:gravel":4,"minecraft:sand":28,"minecraft:sunflower":1,"minecraft:dirt":111,"minecraft:cobweb":41,"minecraft:gold_ore":101,"minecraft:oak_leaves":291,"minecraft:fern":1},"minecraft:picked_up":{"minecraft:iron_chestplate":3,"minecraft:crafting_table":9,"minecraft:birch_door":1,"supertools:hammerstone":4,"minecraft:chicken":3,"minecraft:flower_pot":2,"minecraft:clay_ball":4,"minecraft:wooden_pickaxe":1,"minecraft:string":55,"aquaculture:muskellunge":2,"immersiveengineering:ore_copper":8,"immersiveengineering:ingot_copper":4,"minecraft:iron_leggings":1,"minecraft:beef":25,"oresabovediamonds:amethyst":8,"minecraft:poppy":1,"minecraft:iron_pickaxe":3,"minecraft:spruce_slab":1,"minecraft:sugar_cane":14,"minecraft:birch_sapling":57,"minecraft:furnace":12,"minecraft:iron_boots":2,"minecraft:egg":10,"minecraft:stick":48,"minecraft:torch":101,"appletreesrev:apple_planks":42,"minecraft:porkchop":13,"minecraft:diorite":62,"immersiveengineering:ore_aluminum":12,"minecraft:stone_sword":1,"minecraft:arrow":18,"minecraft:rotten_flesh":38,"aquaculture:carp":2,"minecraft:mutton":12,"minecraft:rail":5,"minecraft:white_wool":12,"minecraft:cobblestone":1010,"minecraft:birch_log":95,"minecraft:feather":8,"minecraft:cooked_beef":1,"minecraft:andesite":55,"minecraft:leather":9,"appletreesrev:apple_log":27,"minecraft:birch_planks":6,"paraglider:spirit_orb":10,"minecraft:oak_log":20,"artifacts:flame_pendant":1,"minecraft:gunpowder":5,"minecraft:lapis_lazuli":30,"minecraft:dirt":591,"minecraft:paper":1,"minecraft:bone":39,"minecraft:apple":81,"minecraft:wheat_seeds":9,"minecraft:iron_ingot":9,"minecraft:stone_pickaxe":5,"minecraft:cobweb":10,"minecraft:iron_ore":149,"aquaculture:minnow":3,"minecraft:iron_sword":3,"minecraft:oak_planks":2,"appletreesrev:apple_leaves":8,"minecraft:gravel":6,"minecraft:sand":57,"minecraft:spruce_sapling":38,"minecraft:white_bed":7,"minecraft:spruce_log":93,"minecraft:gold_ore":98,"minecraft:dark_oak_log":3,"minecraft:spider_eye":1,"immersiveengineering:ore_silver":19,"travelersbackpack:standard":1,"minecraft:light_gray_concrete":12,"immersiveengineering:seed":7,"minecraft:diamond":35,"minecraft:stone_axe":2,"minecraft:iron_helmet":3,"minecraft:granite":72,"minecraft:golden_apple":3,"minecraft:gray_wool":12,"minecraft:oak_sapling":10,"immersiveengineering:ore_lead":7,"minecraft:coal":330,"minecraft:oak_leaves":9},"minecraft:custom":{"minecraft:mob_kills":86,"minecraft:interact_with_crafting_table":50,"minecraft:open_barrel":2,"minecraft:leave_game":20,"minecraft:time_since_death":319557,"minecraft:climb_one_cm":17444,"minecraft:sprint_one_cm":920727,"minecraft:walk_one_cm":647853,"minecraft:drop":72,"minecraft:talked_to_villager":1,"minecraft:deaths":4,"minecraft:sneak_time":12836,"minecraft:walk_under_water_one_cm":37787,"minecraft:jump":6389,"minecraft:interact_with_blast_furnace":1,"minecraft:walk_on_water_one_cm":189315,"minecraft:interact_with_furnace":91,"minecraft:interact_with_cartography_table":3,"minecraft:play_one_minute":402966,"minecraft:sleep_in_bed":6,"minecraft:time_since_rest":189357,"minecraft:damage_taken":5700,"minecraft:damage_absorbed":130,"minecraft:trigger_trapped_chest":3,"minecraft:damage_dealt":12770,"minecraft:swim_one_cm":69136,"minecraft:fly_one_cm":1009351,"minecraft:open_chest":15,"minecraft:crouch_one_cm":43766,"minecraft:interact_with_smoker":1,"minecraft:fall_one_cm":159082},"minecraft:used":{"minecraft:stone_sword":30,"supertools:hammerstone":119,"immersiveengineering:ore_lead":1,"minecraft:spruce_slab":1,"minecraft:poppy":1,"minecraft:iron_sword":353,"minecraft:cooked_chicken":2,"minecraft:wooden_shovel":14,"minecraft:rotten_flesh":4,"minecraft:torch":420,"minecraft:dirt":404,"minecraft:granite":36,"minecraft:birch_door":1,"minecraft:wooden_axe":14,"minecraft:iron_axe":168,"carryon:tile_item":4,"minecraft:beef":5,"minecraft:furnace":12,"minecraft:cooked_beef":19,"minecraft:cooked_mutton":2,"minecraft:water_bucket":46,"minecraft:diorite":11,"minecraft:birch_planks":4,"minecraft:stone_pickaxe":73,"minecraft:wooden_pickaxe":54,"minecraft:golden_apple":4,"supertools:hammeriron":5,"minecraft:crafting_table":18,"minecraft:white_bed":7,"minecraft:shears":10,"minecraft:diamond_pickaxe":85,"appletreesrev:apple_planks":3,"minecraft:apple":86,"minecraft:diamond_shovel":445,"minecraft:iron_pickaxe":410,"minecraft:stone_axe":27,"travelersbackpack:standard":20,"minecraft:cobblestone":531,"minecraft:cooked_porkchop":14,"minecraft:andesite":15,"minecraft:bucket":47},"minecraft:killed_by":{"minecraft:creeper":1,"minecraft:skeleton":2},"minecraft:killed":{"minecraft:cave_spider":4,"minecraft:spider":4,"aquaculture:muskellunge":1,"minecraft:skeleton":14,"minecraft:chicken":3,"aquaculture:perch":2,"goblintraders:goblin_trader":2,"aquaculture:carp":1,"artifacts:mimic":1,"minecraft:pig":7,"dungeonsmod:haunter":1,"minecraft:creeper":2,"minecraft:sheep":8,"aquaculture:minnow":1,"minecraft:zombie":17,"minecraft:cow":12},"minecraft:crafted":{"minecraft:oak_planks":80,"minecraft:stone_shovel":1,"minecraft:cooked_chicken":2,"supertools:hammerstone":1,"minecraft:furnace":4,"minecraft:diamond_shovel":1,"minecraft:cooked_mutton":5,"minecraft:glass":27,"minecraft:bow":1,"supertools:hammeriron":1,"minecraft:iron_boots":1,"minecraft:iron_axe":1,"minecraft:stone_pickaxe":14,"minecraft:birch_door":3,"minecraft:cooked_beef":19,"minecraft:wooden_shovel":1,"minecraft:cooked_porkchop":14,"minecraft:crafting_table":10,"minecraft:wooden_pickaxe":2,"minecraft:iron_helmet":1,"minecraft:iron_sword":2,"minecraft:bucket":1,"minecraft:birch_planks":276,"minecraft:air":0,"minecraft:iron_chestplate":1,"minecraft:diamond_pickaxe":1,"minecraft:stick":172,"appletreesrev:apple_planks":108,"minecraft:iron_ingot":114,"minecraft:iron_pickaxe":11,"minecraft:wooden_axe":1,"minecraft:stone_sword":2,"minecraft:iron_leggings":2,"minecraft:white_bed":2,"minecraft:torch":492,"minecraft:shears":1},"minecraft:dropped":{"aquaculture:carp":1,"minecraft:wheat_seeds":6,"immersiveengineering:ore_lead":6,"minecraft:cobblestone":10,"minecraft:feather":4,"appletreesrev:apple_leaves":8,"minecraft:leather":2,"aquaculture:minnow":2,"minecraft:granite":33,"minecraft:rail":5,"paraglider:spirit_orb":3,"minecraft:stick":1,"minecraft:dirt":21,"minecraft:gray_wool":12,"aquaculture:muskellunge":2,"minecraft:diorite":33,"minecraft:mutton":7,"minecraft:sand":10,"minecraft:glistering_melon_slice":4,"minecraft:string":5,"minecraft:white_wool":4,"minecraft:spruce_sapling":19,"immersiveengineering:ore_copper":2,"minecraft:bone":9,"minecraft:gravel":6,"supertools:hammerstone":1,"minecraft:sugar_cane":7,"minecraft:birch_sapling":37,"minecraft:chicken":1,"minecraft:rotten_flesh":30,"minecraft:cooked_mutton":3,"minecraft:light_gray_concrete":6,"minecraft:white_bed":1,"minecraft:flower_pot":2,"minecraft:gunpowder":5,"minecraft:andesite":9,"minecraft:oak_sapling":5,"minecraft:spider_eye":1,"minecraft:glass":27,"minecraft:stone_pickaxe":1,"immersiveengineering:ore_aluminum":3,"immersiveengineering:seed":3,"immersiveengineering:ore_silver":2,"minecraft:oak_leaves":9,"minecraft:egg":4}},"DataVersion":2586}