{"stats":{"minecraft:crafted":{"minecraft:wooden_sword":1,"minecraft:furnace":1,"minecraft:oak_planks":24,"minecraft:oak_wood":6,"minecraft:crafting_table":1,"minecraft:stick":4,"minecraft:wooden_pickaxe":1},"minecraft:used":{"securitycraft:keypad_item":1,"minecraft:crafting_table":1,"minecraft:furnace":1,"minecraft:wooden_pickaxe":37,"minecraft:chest":1},"minecraft:mined":{"minecraft:grass_block":1,"minecraft:oak_log":7,"minecraft:stone":36,"minecraft:birch_leaves":2,"treechop:chopped_log":4,"minecraft:oak_leaves":55},"minecraft:dropped":{"minecraft:oak_planks":13,"minecraft:stick":6},"minecraft:custom":{"minecraft:damage_taken":350,"minecraft:open_chest":1,"minecraft:time_since_rest":15028,"minecraft:play_one_minute":21880,"minecraft:walk_one_cm":42840,"minecraft:crouch_one_cm":247,"minecraft:sprint_one_cm":31975,"minecraft:deaths":1,"minecraft:sneak_time":101,"minecraft:drop":2,"minecraft:jump":344,"minecraft:leave_game":2,"minecraft:time_since_death":14995,"minecraft:interact_with_crafting_table":2,"minecraft:fly_one_cm":43225,"minecraft:fall_one_cm":11735},"minecraft:picked_up":{"minecraft:stick":5,"minecraft:oak_log":14,"minecraft:oak_sapling":5,"minecraft:dirt":1,"minecraft:cobblestone":36}},"DataVersion":2586}