{"stats":{"minecraft:crafted":{"minecraft:wooden_sword":1,"minecraft:oak_planks":24,"minecraft:crafting_table":1,"minecraft:stick":4,"minecraft:wooden_pickaxe":1,"minecraft:furnace":1,"minecraft:oak_wood":6},"minecraft:used":{"minecraft:chest":1,"minecraft:wooden_pickaxe":37,"minecraft:dirt":15,"minecraft:crafting_table":1,"securitycraft:keypad_item":1,"minecraft:furnace":1},"minecraft:mined":{"minecraft:birch_leaves":2,"treechop:chopped_log":4,"minecraft:grass":1,"minecraft:grass_block":30,"minecraft:oak_log":7,"minecraft:dirt":8,"minecraft:tall_grass":2,"minecraft:stone":36,"minecraft:oak_leaves":55},"minecraft:dropped":{"minecraft:oak_planks":13,"minecraft:stick":6},"minecraft:custom":{"minecraft:time_since_rest":9334,"minecraft:sprint_one_cm":67339,"minecraft:damage_taken":1140,"minecraft:walk_one_cm":93627,"minecraft:drop":2,"minecraft:damage_dealt":12,"minecraft:interact_with_crafting_table":2,"minecraft:fly_one_cm":59293,"minecraft:open_chest":1,"minecraft:crouch_one_cm":348,"minecraft:play_one_minute":39381,"minecraft:deaths":2,"minecraft:sneak_time":112,"minecraft:jump":518,"minecraft:interact_with_stonecutter":1,"minecraft:leave_game":4,"minecraft:walk_on_water_one_cm":233,"minecraft:time_since_death":9297,"minecraft:climb_one_cm":6639,"minecraft:fall_one_cm":26123},"minecraft:picked_up":{"minecraft:stick":5,"minecraft:oak_log":14,"minecraft:dirt":38,"immersiveengineering:seed":2,"minecraft:wheat_seeds":2,"minecraft:oak_sapling":5,"minecraft:cobblestone":36}},"DataVersion":2586}