{"stats":{"minecraft:crafted":{"minecraft:wooden_sword":1,"minecraft:furnace":1,"minecraft:oak_planks":24,"minecraft:oak_wood":6,"minecraft:crafting_table":1,"minecraft:stick":4,"minecraft:wooden_pickaxe":1},"minecraft:used":{"securitycraft:keypad_item":1,"minecraft:crafting_table":1,"minecraft:furnace":1,"minecraft:wooden_pickaxe":37,"minecraft:chest":1},"minecraft:mined":{"minecraft:grass_block":1,"minecraft:oak_log":7,"minecraft:stone":36,"minecraft:birch_leaves":2,"treechop:chopped_log":4,"minecraft:oak_leaves":55},"minecraft:dropped":{"minecraft:oak_planks":13,"minecraft:stick":6},"minecraft:custom":{"minecraft:damage_taken":520,"minecraft:open_chest":1,"minecraft:time_since_rest":2588,"minecraft:play_one_minute":32635,"minecraft:walk_one_cm":57737,"minecraft:crouch_one_cm":348,"minecraft:sprint_one_cm":46061,"minecraft:deaths":2,"minecraft:sneak_time":112,"minecraft:drop":2,"minecraft:jump":422,"minecraft:leave_game":3,"minecraft:time_since_death":2551,"minecraft:interact_with_crafting_table":2,"minecraft:fly_one_cm":52496,"minecraft:fall_one_cm":16942},"minecraft:picked_up":{"minecraft:stick":5,"minecraft:oak_log":14,"minecraft:oak_sapling":5,"minecraft:dirt":1,"minecraft:cobblestone":36}},"DataVersion":2586}