{"stats":{"minecraft:used":{"minecraft:oak_fence":12,"minecraft:stone_sword":133,"minecraft:iron_shovel":242,"supertools:hammerstone":150,"minecraft:ladder":17,"minecraft:stone_shovel":396,"minecraft:dispenser":1,"minecraft:redstone":30,"minecraft:poppy":1,"immersiveengineering:seed":69,"minecraft:chest":28,"minecraft:shield":4,"minecraft:iron_sword":32,"spartanweaponry:battleaxe_iron":4,"minecraft:rotten_flesh":8,"minecraft:stone_hoe":367,"minecraft:torch":148,"minecraft:dirt":489,"minecraft:hopper":2,"minecraft:granite":1,"minecraft:dark_oak_planks":318,"minecraft:iron_axe":107,"minecraft:birch_sapling":105,"carryon:entity_item":5,"supertools:shoveliron":174,"minecraft:dark_oak_slab":106,"minecraft:melon_seeds":9,"minecraft:repeater":3,"carryon:tile_item":3,"minecraft:redstone_lamp":1,"minecraft:dark_oak_pressure_plate":2,"minecraft:oak_sapling":113,"minecraft:furnace":2,"minecraft:wheat_seeds":960,"minecraft:dark_oak_stairs":484,"minecraft:water_bucket":77,"minecraft:stone_pickaxe":112,"minecraft:oak_planks":207,"appletreesrev:apple_sapling":18,"minecraft:wooden_pickaxe":33,"minecraft:dark_oak_trapdoor":2,"minecraft:sand":34,"minecraft:golden_hoe":174,"minecraft:crafting_table":9,"minecraft:blast_furnace":1,"minecraft:dark_oak_door":2,"minecraft:redstone_torch":52,"minecraft:oak_log":4,"minecraft:apple":59,"minecraft:dark_oak_log":225,"minecraft:iron_pickaxe":17,"minecraft:melon_slice":3,"minecraft:bread":5,"minecraft:stone_button":1,"furnish:oak_wardrobe":3,"aquaculture:gar":2,"minecraft:stone_axe":579,"spartanweaponry:longsword_iron":19,"travelersbackpack:standard":3,"minecraft:cobblestone":279,"minecraft:andesite":12,"minecraft:bucket":78,"minecraft:glass_pane":122,"aquaculture:perch":9},"minecraft:dropped":{"minecraft:bread":28,"minecraft:stone_hoe":1,"minecraft:iron_ingot":3,"minecraft:dark_oak_sapling":11,"minecraft:dark_oak_slab":1,"minecraft:cobblestone":37,"aquaculture:minnow":6,"minecraft:granite":28,"minecraft:stick":18,"minecraft:dirt":282,"minecraft:diorite":8,"minecraft:ink_sac":3,"minecraft:dark_oak_trapdoor":1,"spartanweaponry:battleaxe_iron":1,"minecraft:sand":31,"minecraft:dark_oak_planks":4,"minecraft:dandelion":3,"minecraft:bone":1,"minecraft:dark_oak_door":1,"minecraft:stone_axe":2,"minecraft:iron_nugget":4,"minecraft:bowl":12,"minecraft:birch_sapling":14,"minecraft:stone_shovel":1,"minecraft:rotten_flesh":6,"minecraft:poppy":7,"minecraft:andesite":20,"minecraft:redstone_torch":4,"minecraft:wooden_pickaxe":1,"minecraft:stone_pickaxe":1,"minecraft:glass":27,"immersiveengineering:hemp_fiber":5},"minecraft:killed_by":{"minecraft:drowned":1},"minecraft:custom":{"minecraft:mob_kills":52,"minecraft:inspect_hopper":14,"minecraft:interact_with_crafting_table":88,"minecraft:leave_game":8,"minecraft:time_since_death":309673,"minecraft:climb_one_cm":18927,"minecraft:sprint_one_cm":521743,"minecraft:walk_one_cm":1979070,"minecraft:damage_blocked_by_shield":180,"minecraft:drop":63,"minecraft:sneak_time":13483,"minecraft:deaths":3,"minecraft:walk_under_water_one_cm":12435,"minecraft:jump":3527,"minecraft:interact_with_blast_furnace":11,"minecraft:walk_on_water_one_cm":92364,"minecraft:interact_with_furnace":47,"minecraft:tune_noteblock":6,"minecraft:play_one_minute":437350,"minecraft:interact_with_stonecutter":4,"minecraft:time_since_rest":309711,"minecraft:damage_taken":2257,"minecraft:damage_dealt":8053,"minecraft:swim_one_cm":22518,"minecraft:fly_one_cm":455979,"minecraft:open_chest":205,"minecraft:crouch_one_cm":48022,"minecraft:fall_one_cm":97934,"minecraft:inspect_dispenser":3},"minecraft:picked_up":{"minecraft:crafting_table":9,"minecraft:iron_chestplate":1,"minecraft:wheat":153,"supertools:hammerstone":2,"minecraft:ladder":12,"minecraft:redstone_lamp":13,"appletreesrev:apple_sapling":3,"minecraft:string":4,"minecraft:dark_oak_trapdoor":1,"minecraft:iron_leggings":1,"minecraft:sticky_piston":18,"minecraft:comparator":24,"minecraft:redstone_torch":68,"minecraft:poppy":15,"minecraft:melon_slice":9,"minecraft:chest":2,"minecraft:birch_sapling":127,"furnish:oak_wardrobe":3,"minecraft:iron_boots":1,"minecraft:furnace":3,"minecraft:dark_oak_sapling":138,"minecraft:stick":220,"minecraft:torch":95,"minecraft:bowl":8,"aquaculture:perch":9,"minecraft:diorite":8,"minecraft:redstone":187,"minecraft:dark_oak_planks":179,"minecraft:stone_sword":3,"minecraft:arrow":33,"minecraft:stone_shovel":1,"minecraft:rotten_flesh":15,"minecraft:white_wool":4,"minecraft:cobblestone":903,"minecraft:birch_log":410,"minecraft:repeater":25,"minecraft:andesite":32,"minecraft:red_mushroom":117,"minecraft:birch_planks":120,"minecraft:oak_log":349,"minecraft:dirt":1259,"immersiveengineering:hemp_fiber":97,"minecraft:bone":25,"minecraft:glass":24,"minecraft:apple":65,"minecraft:bow":4,"minecraft:wheat_seeds":577,"minecraft:iron_ingot":6,"minecraft:stone_pickaxe":3,"minecraft:iron_ore":92,"aquaculture:minnow":9,"minecraft:oak_planks":270,"minecraft:dark_oak_stairs":304,"minecraft:dark_oak_slab":16,"aquaculture:gar":2,"minecraft:dandelion":3,"appletreesrev:emerald_apple":2,"minecraft:sand":628,"minecraft:blast_furnace":1,"minecraft:ink_sac":3,"minecraft:dark_oak_log":707,"travelersbackpack:standard":1,"immersiveengineering:seed":128,"minecraft:stone_axe":4,"artifacts:crystal_heart":1,"minecraft:granite":29,"minecraft:oak_sapling":112,"minecraft:coal":190},"minecraft:broken":{"minecraft:golden_hoe":2,"minecraft:stone_sword":1,"minecraft:stone_hoe":2,"minecraft:stone_axe":4,"minecraft:stone_shovel":2,"supertools:hammerstone":1},"minecraft:mined":{"minecraft:dark_oak_planks":44,"minecraft:oak_sapling":6,"minecraft:farmland":20,"minecraft:dark_oak_leaves":1533,"minecraft:dark_oak_log":580,"minecraft:granite":33,"minecraft:grass_block":769,"minecraft:redstone_wire":4,"minecraft:brown_mushroom_block":45,"appletreesrev:apple_sapling":3,"minecraft:furnace":2,"minecraft:dark_oak_trapdoor":1,"immersiveengineering:hemp":22,"minecraft:iron_ore":92,"minecraft:andesite":45,"treechop:chopped_log":439,"minecraft:dark_oak_stairs":69,"minecraft:stone":828,"minecraft:glass_pane":7,"appletreesrev:apple_leaves":9,"travelersbackpack:standard":1,"minecraft:crafting_table":7,"minecraft:torch":8,"minecraft:blast_furnace":1,"minecraft:poppy":5,"minecraft:melon":2,"minecraft:chest":2,"minecraft:rose_bush":2,"minecraft:mushroom_stem":16,"minecraft:tall_grass":40,"furnish:oak_wardrobe":3,"minecraft:cobblestone":76,"minecraft:oak_planks":14,"minecraft:diorite":11,"minecraft:wall_torch":7,"minecraft:birch_sapling":14,"minecraft:repeater":1,"minecraft:dark_oak_slab":13,"minecraft:birch_log":167,"minecraft:redstone_torch":51,"minecraft:wheat":2,"minecraft:birch_leaves":1360,"minecraft:grass_path":7,"minecraft:grass":259,"minecraft:oak_log":347,"minecraft:coal_ore":175,"minecraft:dirt":423,"minecraft:sand":614,"minecraft:red_mushroom_block":124,"minecraft:oak_leaves":1663,"minecraft:redstone_lamp":1},"minecraft:crafted":{"minecraft:oak_planks":264,"minecraft:stone_shovel":3,"minecraft:dark_oak_pressure_plate":2,"supertools:hammerstone":1,"minecraft:stone_button":1,"minecraft:dark_oak_trapdoor":2,"spartanweaponry:battleaxe_iron":1,"minecraft:stone":1,"minecraft:glass_pane":128,"minecraft:dark_oak_door":3,"minecraft:glass":82,"minecraft:hopper":2,"supertools:shoveliron":1,"supertools:hammeriron":1,"minecraft:iron_axe":1,"minecraft:ladder":15,"minecraft:melon_seeds":6,"minecraft:stone_pickaxe":10,"minecraft:chest":28,"minecraft:dark_oak_planks":1184,"minecraft:stone_hoe":4,"minecraft:oak_fence":12,"minecraft:dark_oak_stairs":424,"minecraft:crafting_table":2,"travelersbackpack:backpack_tank":2,"minecraft:iron_helmet":1,"minecraft:wooden_pickaxe":1,"travelersbackpack:standard":1,"minecraft:iron_sword":1,"minecraft:bowl":4,"spartanweaponry:handle":2,"minecraft:bucket":2,"minecraft:birch_planks":124,"minecraft:stone_axe":5,"minecraft:bread":89,"minecraft:air":0,"minecraft:dispenser":1,"minecraft:dark_oak_slab":138,"minecraft:shield":1,"minecraft:stick":112,"minecraft:iron_ingot":84,"minecraft:iron_pickaxe":10,"minecraft:stone_sword":1,"minecraft:iron_shovel":10,"minecraft:torch":188,"spartanweaponry:longsword_iron":1,"minecraft:shears":1},"minecraft:killed":{"minecraft:spider":4,"aquaculture:gar":2,"minecraft:skeleton":9,"aquaculture:brown_trout":1,"aquaculture:perch":9,"minecraft:drowned":1,"artifacts:mimic":1,"aquaculture:minnow":3,"minecraft:zombie":22}},"DataVersion":2586}