{"stats":{"minecraft:picked_up":{"minecraft:iron_chestplate":1,"minecraft:crafting_table":10,"minecraft:wheat":153,"supertools:hammerstone":2,"minecraft:ladder":12,"minecraft:redstone_lamp":13,"appletreesrev:apple_sapling":3,"minecraft:string":4,"minecraft:dark_oak_trapdoor":1,"minecraft:iron_leggings":1,"minecraft:sticky_piston":18,"immersiveengineering:ore_uranium":5,"minecraft:comparator":24,"minecraft:redstone_torch":68,"minecraft:poppy":15,"minecraft:iron_pickaxe":1,"minecraft:melon_slice":52,"minecraft:chest":2,"minecraft:birch_sapling":128,"furnish:oak_wardrobe":3,"minecraft:iron_boots":1,"minecraft:furnace":3,"minecraft:dark_oak_sapling":148,"minecraft:stick":276,"minecraft:torch":104,"minecraft:bowl":8,"aquaculture:perch":9,"minecraft:diorite":48,"minecraft:redstone":249,"minecraft:dark_oak_planks":238,"minecraft:stone_sword":3,"minecraft:arrow":38,"minecraft:stone_shovel":1,"minecraft:rotten_flesh":26,"minecraft:obsidian":21,"minecraft:white_wool":4,"minecraft:cobblestone":2827,"minecraft:birch_log":415,"minecraft:repeater":31,"minecraft:andesite":110,"minecraft:red_mushroom":117,"minecraft:birch_planks":120,"minecraft:flint":14,"minecraft:oak_log":588,"minecraft:lapis_lazuli":32,"minecraft:dirt":1643,"immersiveengineering:hemp_fiber":106,"minecraft:glass":24,"minecraft:bone":28,"minecraft:apple":72,"minecraft:stone_bricks":6,"minecraft:bow":4,"minecraft:wheat_seeds":577,"minecraft:iron_ingot":6,"minecraft:stone_pickaxe":3,"minecraft:iron_ore":221,"aquaculture:minnow":9,"minecraft:oak_planks":270,"minecraft:dark_oak_stairs":304,"minecraft:dark_oak_slab":16,"aquaculture:gar":2,"minecraft:dandelion":3,"appletreesrev:emerald_apple":2,"minecraft:gravel":19,"minecraft:sand":632,"minecraft:blast_furnace":1,"minecraft:ink_sac":3,"minecraft:gold_ore":20,"minecraft:dark_oak_log":828,"immersiveengineering:ore_silver":1,"travelersbackpack:standard":1,"immersiveengineering:seed":132,"minecraft:diamond":7,"minecraft:stone_axe":4,"artifacts:crystal_heart":1,"minecraft:granite":128,"minecraft:oak_sapling":154,"immersiveengineering:ore_lead":1,"minecraft:melon_seeds":1,"minecraft:coal":271},"minecraft:mined":{"minecraft:dark_oak_planks":105,"minecraft:diamond_ore":7,"minecraft:oak_sapling":7,"minecraft:farmland":20,"minecraft:dark_oak_leaves":1854,"minecraft:dark_oak_log":704,"minecraft:obsidian":23,"minecraft:granite":125,"immersiveengineering:ore_nickel":5,"minecraft:grass_block":789,"minecraft:redstone_wire":4,"minecraft:brown_mushroom_block":45,"immersiveengineering:ore_silver":6,"appletreesrev:apple_sapling":3,"minecraft:redstone_ore":20,"minecraft:furnace":2,"minecraft:dark_oak_trapdoor":1,"immersiveengineering:hemp":22,"minecraft:iron_ore":220,"minecraft:andesite":153,"treechop:chopped_log":522,"minecraft:dark_oak_stairs":69,"immersiveengineering:ore_lead":1,"minecraft:stone":2629,"minecraft:glass_pane":7,"minecraft:melon_stem":1,"appletreesrev:apple_leaves":21,"travelersbackpack:standard":1,"minecraft:crafting_table":7,"minecraft:torch":9,"minecraft:blast_furnace":1,"minecraft:poppy":5,"minecraft:melon":10,"minecraft:chest":2,"minecraft:rose_bush":2,"minecraft:mushroom_stem":16,"minecraft:tall_grass":40,"furnish:oak_wardrobe":3,"appletreesrev:apple_plant":1,"minecraft:cobblestone":78,"minecraft:lapis_ore":5,"minecraft:oak_planks":14,"minecraft:diorite":74,"minecraft:wall_torch":13,"minecraft:birch_sapling":14,"minecraft:repeater":1,"minecraft:dark_oak_slab":13,"minecraft:birch_log":170,"minecraft:redstone_torch":51,"minecraft:wheat":2,"minecraft:birch_leaves":1403,"immersiveengineering:ore_uranium":5,"minecraft:grass_path":7,"minecraft:grass":259,"minecraft:coal_ore":248,"minecraft:oak_log":586,"minecraft:gravel":117,"minecraft:dirt":687,"minecraft:sand":619,"minecraft:stone_bricks":8,"minecraft:red_mushroom_block":124,"minecraft:gold_ore":20,"minecraft:oak_leaves":2333,"minecraft:redstone_lamp":1},"minecraft:crafted":{"minecraft:oak_planks":264,"minecraft:stone_shovel":3,"minecraft:coal":1,"minecraft:dark_oak_pressure_plate":2,"supertools:hammerstone":1,"minecraft:furnace":1,"minecraft:stone_button":1,"spartanweaponry:battleaxe_iron":1,"minecraft:dark_oak_trapdoor":2,"minecraft:stone":15,"minecraft:glass_pane":128,"minecraft:dark_oak_door":3,"minecraft:glass":82,"minecraft:hopper":2,"immersiveengineering:ingot_silver":2,"supertools:shoveliron":1,"supertools:hammeriron":2,"minecraft:iron_axe":2,"minecraft:melon_seeds":6,"minecraft:ladder":15,"minecraft:stone_pickaxe":10,"minecraft:chest":28,"minecraft:dark_oak_planks":1384,"minecraft:stone_hoe":4,"minecraft:oak_fence":12,"minecraft:emerald":6,"minecraft:dark_oak_stairs":424,"minecraft:crafting_table":4,"travelersbackpack:standard":1,"travelersbackpack:backpack_tank":2,"minecraft:wooden_pickaxe":1,"minecraft:iron_helmet":1,"minecraft:iron_sword":1,"minecraft:bowl":4,"spartanweaponry:handle":2,"minecraft:bucket":2,"minecraft:birch_planks":124,"minecraft:stone_axe":5,"minecraft:bread":89,"minecraft:air":0,"minecraft:dispenser":1,"minecraft:dark_oak_slab":138,"minecraft:diamond_pickaxe":1,"minecraft:shield":1,"minecraft:stick":144,"minecraft:iron_ingot":233,"minecraft:iron_pickaxe":19,"minecraft:stone_sword":1,"minecraft:iron_block":14,"minecraft:iron_shovel":10,"minecraft:gold_ingot":30,"minecraft:torch":252,"minecraft:shears":1,"spartanweaponry:longsword_iron":1},"minecraft:dropped":{"minecraft:stone_hoe":1,"minecraft:iron_ingot":3,"minecraft:bread":28,"immersiveengineering:ore_lead":1,"minecraft:crafting_table":2,"minecraft:dark_oak_sapling":11,"minecraft:dark_oak_slab":1,"minecraft:cobblestone":1518,"aquaculture:minnow":6,"minecraft:granite":126,"immersiveengineering:ingot_silver":2,"minecraft:stick":74,"minecraft:dirt":493,"minecraft:diorite":41,"minecraft:ink_sac":3,"minecraft:torch":29,"minecraft:repeater":6,"minecraft:dark_oak_trapdoor":1,"spartanweaponry:battleaxe_iron":1,"minecraft:sand":31,"minecraft:iron_pickaxe":2,"minecraft:dark_oak_planks":4,"minecraft:dandelion":3,"minecraft:bone":1,"minecraft:gravel":14,"minecraft:dark_oak_door":1,"minecraft:stone_axe":2,"supertools:hammerstone":1,"minecraft:iron_nugget":4,"minecraft:bowl":12,"minecraft:birch_sapling":14,"minecraft:stone_shovel":1,"minecraft:rotten_flesh":13,"minecraft:poppy":7,"minecraft:andesite":97,"minecraft:redstone_torch":4,"minecraft:iron_ore":4,"minecraft:wooden_pickaxe":1,"minecraft:glass":27,"minecraft:stone_pickaxe":1,"immersiveengineering:ore_silver":1,"immersiveengineering:hemp_fiber":5},"minecraft:broken":{"minecraft:golden_hoe":2,"minecraft:stone_sword":1,"minecraft:stone_hoe":2,"supertools:hammeriron":1,"minecraft:iron_axe":1,"minecraft:stone_axe":4,"minecraft:stone_shovel":2,"supertools:hammerstone":1},"minecraft:custom":{"minecraft:interact_with_smithing_table":1,"minecraft:mob_kills":62,"minecraft:inspect_hopper":14,"minecraft:interact_with_crafting_table":102,"goblintraders:trade_with_goblin":47,"minecraft:leave_game":10,"minecraft:time_since_death":407057,"minecraft:climb_one_cm":19867,"minecraft:sprint_one_cm":656904,"minecraft:damage_blocked_by_shield":180,"minecraft:walk_one_cm":2445558,"minecraft:drop":133,"minecraft:sneak_time":17119,"minecraft:deaths":3,"minecraft:walk_under_water_one_cm":21589,"minecraft:jump":4267,"minecraft:interact_with_blast_furnace":15,"minecraft:walk_on_water_one_cm":123154,"minecraft:interact_with_furnace":75,"minecraft:tune_noteblock":6,"minecraft:play_one_minute":534734,"minecraft:interact_with_stonecutter":5,"minecraft:time_since_rest":407095,"minecraft:damage_taken":2764,"minecraft:damage_dealt":9995,"minecraft:swim_one_cm":27040,"minecraft:fly_one_cm":559106,"minecraft:open_chest":255,"minecraft:crouch_one_cm":57234,"minecraft:fall_one_cm":112313,"minecraft:inspect_dispenser":3},"minecraft:killed_by":{"minecraft:drowned":1},"minecraft:used":{"minecraft:oak_fence":12,"minecraft:stone_sword":133,"minecraft:iron_shovel":242,"supertools:hammerstone":150,"minecraft:ladder":17,"minecraft:stone_shovel":396,"minecraft:dispenser":1,"minecraft:redstone":30,"minecraft:poppy":1,"immersiveengineering:seed":69,"minecraft:chest":28,"minecraft:shield":4,"minecraft:iron_sword":32,"spartanweaponry:battleaxe_iron":4,"minecraft:rotten_flesh":8,"minecraft:stone_hoe":367,"minecraft:torch":210,"minecraft:dirt":515,"minecraft:hopper":2,"minecraft:granite":2,"minecraft:obsidian":14,"minecraft:dark_oak_planks":534,"minecraft:iron_axe":264,"minecraft:birch_sapling":106,"supertools:shoveliron":247,"carryon:entity_item":5,"minecraft:dark_oak_slab":106,"minecraft:melon_seeds":10,"minecraft:stone_bricks":18,"minecraft:repeater":3,"carryon:tile_item":5,"minecraft:redstone_lamp":2,"minecraft:dark_oak_pressure_plate":2,"minecraft:oak_sapling":155,"minecraft:furnace":3,"minecraft:wheat_seeds":960,"minecraft:dark_oak_stairs":492,"minecraft:water_bucket":96,"minecraft:diorite":7,"minecraft:iron_ore":6,"minecraft:stone_pickaxe":112,"minecraft:oak_planks":207,"appletreesrev:apple_sapling":18,"minecraft:wooden_pickaxe":33,"supertools:hammeriron":287,"minecraft:dark_oak_trapdoor":2,"minecraft:sand":34,"minecraft:golden_hoe":174,"minecraft:blast_furnace":1,"minecraft:crafting_table":10,"minecraft:dark_oak_door":2,"minecraft:redstone_torch":53,"minecraft:oak_log":7,"minecraft:diamond_pickaxe":83,"minecraft:apple":62,"minecraft:dark_oak_log":259,"minecraft:iron_pickaxe":80,"minecraft:stone_button":1,"minecraft:melon_slice":5,"minecraft:bread":18,"furnish:oak_wardrobe":3,"minecraft:stone_axe":579,"minecraft:gravel":1,"aquaculture:gar":2,"spartanweaponry:longsword_iron":49,"travelersbackpack:standard":3,"minecraft:cobblestone":302,"minecraft:andesite":12,"minecraft:bucket":98,"minecraft:glass_pane":122,"aquaculture:perch":9},"minecraft:killed":{"minecraft:spider":4,"aquaculture:gar":2,"minecraft:skeleton":14,"aquaculture:brown_trout":1,"aquaculture:perch":9,"minecraft:drowned":1,"artifacts:mimic":2,"aquaculture:minnow":3,"minecraft:zombie":25,"minecraft:enderman":1}},"DataVersion":2586}