{"stats":{"minecraft:picked_up":{"minecraft:crafting_table":9,"minecraft:iron_chestplate":1,"minecraft:wheat":12,"supertools:hammerstone":2,"minecraft:ladder":12,"minecraft:redstone_lamp":13,"minecraft:dark_oak_trapdoor":1,"minecraft:iron_leggings":1,"minecraft:sticky_piston":18,"minecraft:comparator":24,"minecraft:redstone_torch":68,"minecraft:poppy":15,"minecraft:chest":2,"minecraft:birch_sapling":102,"minecraft:iron_boots":1,"minecraft:furnace":2,"minecraft:dark_oak_sapling":138,"minecraft:stick":187,"minecraft:bowl":8,"minecraft:torch":88,"aquaculture:perch":9,"minecraft:diorite":6,"minecraft:redstone":184,"minecraft:dark_oak_planks":179,"minecraft:rotten_flesh":9,"minecraft:stone_sword":3,"minecraft:arrow":31,"minecraft:stone_shovel":1,"minecraft:cobblestone":828,"minecraft:birch_log":345,"minecraft:repeater":24,"minecraft:andesite":23,"minecraft:red_mushroom":117,"minecraft:birch_planks":120,"minecraft:oak_log":78,"minecraft:dirt":759,"immersiveengineering:hemp_fiber":5,"minecraft:glass":24,"minecraft:bone":24,"minecraft:apple":59,"minecraft:bow":4,"minecraft:wheat_seeds":137,"minecraft:stone_pickaxe":3,"minecraft:iron_ingot":6,"minecraft:iron_ore":70,"aquaculture:minnow":9,"minecraft:oak_planks":270,"minecraft:dark_oak_stairs":304,"minecraft:dark_oak_slab":16,"aquaculture:gar":2,"minecraft:dandelion":3,"appletreesrev:emerald_apple":2,"minecraft:sand":121,"minecraft:ink_sac":3,"minecraft:dark_oak_log":707,"travelersbackpack:standard":1,"immersiveengineering:seed":89,"minecraft:stone_axe":4,"minecraft:granite":29,"minecraft:oak_sapling":59,"minecraft:coal":168},"minecraft:killed_by":{"minecraft:drowned":1},"minecraft:dropped":{"minecraft:stone_hoe":1,"minecraft:iron_ingot":3,"minecraft:dark_oak_sapling":11,"minecraft:dark_oak_slab":1,"minecraft:cobblestone":37,"aquaculture:minnow":6,"minecraft:granite":15,"minecraft:stick":18,"minecraft:dirt":83,"minecraft:ink_sac":3,"minecraft:dark_oak_trapdoor":1,"minecraft:sand":31,"minecraft:dark_oak_planks":4,"minecraft:dandelion":3,"minecraft:dark_oak_door":1,"minecraft:stone_axe":2,"minecraft:bowl":12,"minecraft:birch_sapling":14,"minecraft:stone_shovel":1,"minecraft:poppy":7,"minecraft:andesite":2,"minecraft:redstone_torch":4,"minecraft:wooden_pickaxe":1,"minecraft:stone_pickaxe":1,"minecraft:glass":27,"immersiveengineering:hemp_fiber":5},"minecraft:killed":{"aquaculture:gar":2,"minecraft:skeleton":8,"aquaculture:perch":9,"minecraft:drowned":1,"aquaculture:minnow":3,"minecraft:zombie":16},"minecraft:mined":{"minecraft:dark_oak_planks":44,"minecraft:oak_sapling":6,"minecraft:farmland":20,"minecraft:dark_oak_leaves":1533,"minecraft:dark_oak_log":580,"minecraft:granite":33,"minecraft:grass_block":370,"minecraft:redstone_wire":1,"minecraft:brown_mushroom_block":45,"minecraft:furnace":1,"minecraft:dark_oak_trapdoor":1,"immersiveengineering:hemp":1,"minecraft:iron_ore":70,"minecraft:andesite":36,"treechop:chopped_log":354,"minecraft:dark_oak_stairs":69,"minecraft:stone":749,"minecraft:glass_pane":7,"travelersbackpack:standard":1,"minecraft:crafting_table":7,"minecraft:torch":3,"minecraft:poppy":5,"minecraft:chest":2,"minecraft:rose_bush":2,"minecraft:mushroom_stem":16,"minecraft:cobblestone":75,"minecraft:tall_grass":40,"minecraft:oak_planks":14,"minecraft:diorite":11,"minecraft:wall_torch":6,"minecraft:birch_sapling":13,"minecraft:dark_oak_slab":13,"minecraft:birch_log":102,"minecraft:redstone_torch":51,"minecraft:wheat":2,"minecraft:birch_leaves":907,"minecraft:grass":251,"minecraft:oak_log":75,"minecraft:coal_ore":153,"minecraft:sand":93,"minecraft:dirt":349,"minecraft:red_mushroom_block":124,"minecraft:oak_leaves":694,"minecraft:redstone_lamp":1},"minecraft:broken":{"minecraft:golden_hoe":2,"minecraft:stone_sword":1,"minecraft:stone_hoe":2,"minecraft:stone_axe":4,"minecraft:stone_shovel":2},"minecraft:used":{"minecraft:oak_fence":12,"minecraft:stone_sword":133,"minecraft:iron_shovel":242,"supertools:hammerstone":130,"minecraft:stone_shovel":396,"minecraft:dispenser":1,"minecraft:redstone":29,"minecraft:ladder":17,"minecraft:poppy":1,"immersiveengineering:seed":69,"minecraft:chest":28,"minecraft:stone_hoe":340,"minecraft:rotten_flesh":8,"minecraft:torch":101,"minecraft:dirt":441,"minecraft:hopper":2,"minecraft:granite":1,"minecraft:dark_oak_planks":318,"minecraft:birch_sapling":61,"carryon:entity_item":5,"minecraft:dark_oak_slab":106,"carryon:tile_item":3,"minecraft:redstone_lamp":1,"minecraft:oak_sapling":19,"minecraft:furnace":1,"minecraft:wheat_seeds":120,"minecraft:dark_oak_stairs":484,"minecraft:water_bucket":76,"minecraft:stone_pickaxe":112,"minecraft:oak_planks":207,"minecraft:wooden_pickaxe":33,"minecraft:dark_oak_trapdoor":2,"minecraft:sand":34,"minecraft:golden_hoe":174,"minecraft:crafting_table":8,"minecraft:dark_oak_door":2,"minecraft:redstone_torch":52,"minecraft:oak_log":2,"minecraft:apple":43,"minecraft:dark_oak_log":225,"minecraft:stone_button":1,"aquaculture:gar":2,"minecraft:stone_axe":579,"travelersbackpack:standard":3,"minecraft:cobblestone":271,"minecraft:andesite":12,"minecraft:bucket":78,"minecraft:glass_pane":122,"aquaculture:perch":9},"minecraft:custom":{"minecraft:mob_kills":39,"minecraft:interact_with_crafting_table":72,"minecraft:leave_game":8,"minecraft:time_since_death":208654,"minecraft:climb_one_cm":17531,"minecraft:sprint_one_cm":391740,"minecraft:walk_one_cm":1458972,"minecraft:drop":49,"minecraft:deaths":3,"minecraft:sneak_time":12770,"minecraft:walk_under_water_one_cm":12226,"minecraft:jump":2812,"minecraft:walk_on_water_one_cm":87801,"minecraft:interact_with_furnace":34,"minecraft:tune_noteblock":6,"minecraft:play_one_minute":336331,"minecraft:interact_with_stonecutter":3,"minecraft:time_since_rest":208692,"minecraft:damage_taken":1787,"minecraft:damage_dealt":5493,"minecraft:swim_one_cm":21246,"minecraft:fly_one_cm":349154,"minecraft:open_chest":99,"minecraft:crouch_one_cm":45659,"minecraft:fall_one_cm":81187,"minecraft:inspect_dispenser":3},"minecraft:crafted":{"minecraft:oak_planks":264,"minecraft:stone_shovel":3,"minecraft:stone_button":1,"minecraft:dark_oak_trapdoor":2,"minecraft:stone":1,"minecraft:glass_pane":128,"minecraft:dark_oak_door":3,"minecraft:glass":82,"minecraft:hopper":2,"minecraft:ladder":15,"minecraft:stone_pickaxe":1,"minecraft:chest":28,"minecraft:dark_oak_planks":1152,"minecraft:stone_hoe":4,"minecraft:oak_fence":12,"minecraft:dark_oak_stairs":424,"minecraft:crafting_table":2,"travelersbackpack:backpack_tank":2,"travelersbackpack:standard":1,"minecraft:wooden_pickaxe":1,"minecraft:iron_sword":1,"minecraft:bowl":4,"minecraft:birch_planks":124,"minecraft:bucket":2,"minecraft:stone_axe":5,"minecraft:air":0,"minecraft:dispenser":1,"minecraft:dark_oak_slab":138,"minecraft:shield":1,"minecraft:stick":56,"minecraft:iron_ingot":35,"minecraft:stone_sword":1,"minecraft:iron_shovel":1,"minecraft:torch":188,"minecraft:shears":1}},"DataVersion":2586}