{"stats":{"minecraft:killed":{"minecraft:spider":3,"aquaculture:gar":2,"minecraft:skeleton":9,"aquaculture:perch":9,"minecraft:drowned":1,"artifacts:mimic":1,"aquaculture:minnow":3,"minecraft:zombie":17},"minecraft:custom":{"minecraft:mob_kills":45,"minecraft:inspect_hopper":8,"minecraft:interact_with_crafting_table":82,"minecraft:leave_game":8,"minecraft:time_since_death":262336,"minecraft:climb_one_cm":18927,"minecraft:sprint_one_cm":458964,"minecraft:walk_one_cm":1674362,"minecraft:damage_blocked_by_shield":180,"minecraft:drop":58,"minecraft:sneak_time":12947,"minecraft:deaths":3,"minecraft:walk_under_water_one_cm":12226,"minecraft:jump":3116,"minecraft:interact_with_blast_furnace":8,"minecraft:walk_on_water_one_cm":89995,"minecraft:interact_with_furnace":41,"minecraft:tune_noteblock":6,"minecraft:play_one_minute":390013,"minecraft:interact_with_stonecutter":4,"minecraft:time_since_rest":262374,"minecraft:damage_taken":2075,"minecraft:damage_dealt":6807,"minecraft:swim_one_cm":21246,"minecraft:fly_one_cm":380991,"minecraft:open_chest":163,"minecraft:crouch_one_cm":46255,"minecraft:fall_one_cm":86972,"minecraft:inspect_dispenser":3},"minecraft:used":{"minecraft:oak_fence":12,"minecraft:stone_sword":133,"minecraft:iron_shovel":242,"supertools:hammerstone":146,"minecraft:ladder":17,"minecraft:stone_shovel":396,"minecraft:dispenser":1,"minecraft:redstone":30,"minecraft:poppy":1,"immersiveengineering:seed":69,"minecraft:chest":28,"minecraft:shield":4,"minecraft:iron_sword":32,"minecraft:rotten_flesh":8,"minecraft:stone_hoe":361,"minecraft:torch":125,"minecraft:dirt":463,"minecraft:hopper":2,"minecraft:granite":1,"minecraft:dark_oak_planks":318,"minecraft:birch_sapling":61,"carryon:entity_item":5,"supertools:shoveliron":37,"minecraft:dark_oak_slab":106,"minecraft:melon_seeds":9,"minecraft:repeater":3,"carryon:tile_item":3,"minecraft:redstone_lamp":1,"minecraft:oak_sapling":19,"minecraft:furnace":2,"minecraft:wheat_seeds":679,"minecraft:dark_oak_stairs":484,"minecraft:water_bucket":77,"minecraft:stone_pickaxe":112,"minecraft:oak_planks":207,"minecraft:wooden_pickaxe":33,"minecraft:dark_oak_trapdoor":2,"minecraft:sand":34,"minecraft:golden_hoe":174,"minecraft:crafting_table":9,"minecraft:blast_furnace":1,"minecraft:dark_oak_door":2,"minecraft:redstone_torch":52,"minecraft:oak_log":2,"minecraft:apple":58,"minecraft:dark_oak_log":225,"minecraft:iron_pickaxe":11,"minecraft:stone_button":1,"furnish:oak_wardrobe":3,"aquaculture:gar":2,"minecraft:stone_axe":579,"travelersbackpack:standard":3,"minecraft:cobblestone":279,"minecraft:andesite":12,"minecraft:bucket":78,"minecraft:glass_pane":122,"aquaculture:perch":9},"minecraft:crafted":{"minecraft:oak_planks":264,"minecraft:stone_shovel":3,"supertools:hammerstone":1,"minecraft:stone_button":1,"minecraft:dark_oak_trapdoor":2,"spartanweaponry:battleaxe_iron":1,"minecraft:stone":1,"minecraft:glass_pane":128,"minecraft:dark_oak_door":3,"minecraft:glass":82,"minecraft:hopper":2,"supertools:shoveliron":1,"supertools:hammeriron":1,"minecraft:melon_seeds":6,"minecraft:ladder":15,"minecraft:stone_pickaxe":10,"minecraft:chest":28,"minecraft:dark_oak_planks":1176,"minecraft:stone_hoe":4,"minecraft:oak_fence":12,"minecraft:dark_oak_stairs":424,"minecraft:crafting_table":2,"travelersbackpack:backpack_tank":2,"minecraft:iron_helmet":1,"minecraft:wooden_pickaxe":1,"travelersbackpack:standard":1,"minecraft:iron_sword":1,"minecraft:bowl":4,"spartanweaponry:handle":1,"minecraft:birch_planks":124,"minecraft:bucket":2,"minecraft:stone_axe":5,"minecraft:bread":33,"minecraft:air":0,"minecraft:dispenser":1,"minecraft:dark_oak_slab":138,"minecraft:shield":1,"minecraft:stick":104,"minecraft:iron_ingot":77,"minecraft:iron_pickaxe":10,"minecraft:stone_sword":1,"minecraft:iron_shovel":10,"minecraft:torch":188,"minecraft:shears":1},"minecraft:picked_up":{"minecraft:crafting_table":9,"minecraft:iron_chestplate":1,"minecraft:wheat":130,"supertools:hammerstone":2,"minecraft:ladder":12,"minecraft:redstone_lamp":13,"minecraft:string":3,"minecraft:dark_oak_trapdoor":1,"minecraft:iron_leggings":1,"minecraft:sticky_piston":18,"minecraft:comparator":24,"minecraft:redstone_torch":68,"minecraft:poppy":15,"minecraft:melon_slice":9,"minecraft:chest":2,"minecraft:birch_sapling":102,"furnish:oak_wardrobe":3,"minecraft:iron_boots":1,"minecraft:furnace":3,"minecraft:dark_oak_sapling":138,"minecraft:stick":187,"minecraft:torch":90,"minecraft:bowl":8,"aquaculture:perch":9,"minecraft:diorite":8,"minecraft:redstone":187,"minecraft:dark_oak_planks":179,"minecraft:stone_sword":3,"minecraft:arrow":33,"minecraft:stone_shovel":1,"minecraft:rotten_flesh":9,"minecraft:cobblestone":888,"minecraft:birch_log":345,"minecraft:repeater":25,"minecraft:andesite":23,"minecraft:red_mushroom":117,"minecraft:birch_planks":120,"minecraft:oak_log":78,"minecraft:dirt":960,"immersiveengineering:hemp_fiber":97,"minecraft:glass":24,"minecraft:bone":25,"minecraft:apple":59,"minecraft:bow":4,"minecraft:wheat_seeds":511,"minecraft:stone_pickaxe":3,"minecraft:iron_ingot":6,"minecraft:iron_ore":85,"aquaculture:minnow":9,"minecraft:oak_planks":270,"minecraft:dark_oak_stairs":304,"minecraft:dark_oak_slab":16,"aquaculture:gar":2,"minecraft:dandelion":3,"appletreesrev:emerald_apple":2,"minecraft:sand":121,"minecraft:blast_furnace":1,"minecraft:ink_sac":3,"minecraft:dark_oak_log":707,"travelersbackpack:standard":1,"artifacts:crystal_heart":1,"immersiveengineering:seed":127,"minecraft:stone_axe":4,"minecraft:granite":29,"minecraft:oak_sapling":59,"minecraft:coal":190},"minecraft:broken":{"minecraft:golden_hoe":2,"minecraft:stone_sword":1,"minecraft:stone_hoe":2,"minecraft:stone_axe":4,"minecraft:stone_shovel":2,"supertools:hammerstone":1},"minecraft:mined":{"minecraft:dark_oak_planks":44,"minecraft:oak_sapling":6,"minecraft:farmland":20,"minecraft:dark_oak_leaves":1533,"minecraft:dark_oak_log":580,"minecraft:granite":33,"minecraft:grass_block":478,"minecraft:redstone_wire":4,"minecraft:brown_mushroom_block":45,"minecraft:furnace":2,"minecraft:dark_oak_trapdoor":1,"immersiveengineering:hemp":22,"minecraft:iron_ore":85,"minecraft:andesite":36,"treechop:chopped_log":354,"minecraft:dark_oak_stairs":69,"minecraft:stone":810,"minecraft:glass_pane":7,"travelersbackpack:standard":1,"minecraft:crafting_table":7,"minecraft:torch":4,"minecraft:blast_furnace":1,"minecraft:melon":2,"minecraft:poppy":5,"minecraft:chest":2,"minecraft:rose_bush":2,"minecraft:mushroom_stem":16,"furnish:oak_wardrobe":3,"minecraft:tall_grass":40,"minecraft:cobblestone":76,"minecraft:oak_planks":14,"minecraft:diorite":11,"minecraft:wall_torch":7,"minecraft:birch_sapling":13,"minecraft:repeater":1,"minecraft:dark_oak_slab":13,"minecraft:birch_log":102,"minecraft:redstone_torch":51,"minecraft:wheat":2,"minecraft:birch_leaves":907,"minecraft:grass_path":7,"minecraft:grass":252,"minecraft:oak_log":75,"minecraft:coal_ore":175,"minecraft:sand":93,"minecraft:dirt":416,"minecraft:red_mushroom_block":124,"minecraft:oak_leaves":694,"minecraft:redstone_lamp":1},"minecraft:killed_by":{"minecraft:drowned":1},"minecraft:dropped":{"minecraft:stone_hoe":1,"minecraft:iron_ingot":3,"minecraft:dark_oak_sapling":11,"minecraft:dark_oak_slab":1,"minecraft:cobblestone":37,"aquaculture:minnow":6,"minecraft:granite":28,"minecraft:stick":18,"minecraft:dirt":262,"minecraft:diorite":8,"minecraft:ink_sac":3,"minecraft:dark_oak_trapdoor":1,"minecraft:sand":31,"minecraft:dark_oak_planks":4,"minecraft:dandelion":3,"minecraft:bone":1,"minecraft:dark_oak_door":1,"minecraft:stone_axe":2,"minecraft:iron_nugget":4,"minecraft:bowl":12,"minecraft:birch_sapling":14,"minecraft:stone_shovel":1,"minecraft:poppy":7,"minecraft:andesite":11,"minecraft:redstone_torch":4,"minecraft:stone_pickaxe":1,"minecraft:glass":27,"minecraft:wooden_pickaxe":1,"immersiveengineering:hemp_fiber":5}},"DataVersion":2586}