{
  "dungeons_arise:wda_root": {
    "criteria": {
      "WDA": "2024-07-16 16:20:55 +0000"
    },
    "done": true
  },
  "spartanweaponry:battleaxe": {
    "criteria": {
      "has_battleaxe": "2024-07-16 16:50:11 +0000"
    },
    "done": true
  },
  "minecraft:husbandry/plant_seed": {
    "criteria": {
      "wheat": "2024-07-16 16:49:44 +0000"
    },
    "done": true
  },
  "mowziesmobs:root": {
    "criteria": {
      "custom_test_name": "2024-07-16 16:20:55 +0000"
    },
    "done": true
  },
  "minecraft:adventure/adventuring_time": {
    "criteria": {
      "minecraft:forest": "2024-07-16 16:20:55 +0000",
      "minecraft:dark_forest": "2024-07-16 16:49:25 +0000",
      "minecraft:plains": "2024-07-16 16:49:28 +0000"
    },
    "done": false
  },
  "DataVersion": 2586
}